EPS-Annual Basis,Ticker,Quarter-Year,CFPS,PE_Ratio,Market_Cap,ROE,Price_Sales_Ratio,Payout_Ratio,Debt_Equity_Ratio,Quarter,Final_Rating
5.760000002,MO,2006,1.154363562,62.41544136,185187000000,0.074888311,7.29138572,0,1.462757768,4,1
5.760000002,MO,2006,1.895983945,59.38664886,173528000000,0.070939548,6.703797101,0,1.451153193,3,1
5.760000002,MO,2006,3.68325286,62.22332943,171052000000,0.069260034,6.637895634,0,1.510543952,2,1
5.150000001,MO,2005,1.380746991,53.98697491,157156000000,0.08436214,6.295812994,0,1.843389555,3,1
4.360000002,MO,2007,0.992285971,72.96335402,156579000000,0.115662391,8.589574729,0,1.781502641,4,1
5.760000002,MO,2006,-0.325336905,43.80838322,155388000000,0.092989723,6.38014105,0,1.540425755,1,1
5.150000001,MO,2005,1.47829805,66.25680874,155240000000,0.065617386,6.33890171,0,1.795614305,4,1
4.360000002,MO,2007,1.550770139,57.64235989,148544000000,0.149486629,7.733865853,0,1.656070538,3,1
4.360000002,MO,2007,-0.322134293,68.23762374,142275000000,0.143694004,8.104092362,0,1.611578222,1,1
5.150000001,MO,2005,2.653305771,47.32579335,140037000000,0.088624656,5.650299489,0,1.996016533,2,1
5.321186882,MO,2017,1.357400722,99.34433976,139181000000,0.114274062,22.88039125,0.847251963,2.766313214,1,1
7.294569672,MO,2016,0.117827869,13.54394706,139178000000,0.804698512,22.26129239,0.115901129,2.596867659,4,1
5.150000001,MO,2005,-0.231854839,51.992,135387000000,0.080348051,5.732372258,0,1.899441513,1,1
5.321186882,MO,2017,0.369078605,27.00850181,134124000000,0.32294986,21.98397312,0.25432944,1.809520713,4,1
4.360000002,MO,2007,2.77067603,63.0900021,133498000000,0.130706035,7.097583308,0,1.644635246,2,1
7.294569672,MO,2016,-0.860358056,80.06866304,132354000000,0.526433121,20.2965036,0.66969147,8.975796178,2,1
4.600000001,MO,2004,1.014391378,65.30744873,130027000000,0.064823859,5.900936257,0,2.038744546,4,1
5.321186882,MO,2017,-0.400931195,65.05531423,129395000000,0.16017072,19.41993396,0.594268477,2.521178934,2,1
7.294569672,MO,2016,1.223643808,98.08,128730000000,0.371263587,18.6429428,1.01189387,10.18682065,3,1
3.689984102,MO,2018,1.404547858,56.89,124560000000,0.125403382,18.21854176,0.681420484,1.836775526,3,1
5.321186882,MO,2017,1.119356513,32.21,123424000000,0.153378267,18.34215337,0.629689175,2.629787934,3,1
7.294569672,MO,2016,1.361451943,67.56,122661000000,0.443351548,20.22102868,0.910435497,11.40910747,1,1
2.672616012,MO,2015,0.842937277,29.54,119837000000,0.432986111,18.96750712,0.888532478,10.296875,4,1
2.672616012,MO,2015,1.416921509,78.95,118642000000,0.529269138,17.71042544,0.668193717,10.08382404,3,1
4.540000002,MO,2003,0.905259653,89.7,117657000000,0.086692986,5.68640167,0,2.503409499,4,1
4.600000001,MO,2004,0.137925959,35.11,116039000000,0.083532042,5.313394153,0,2.25514158,1,1
-0.11549084,NBEV,2017,-0.000162359,117.09,115299000000,0.044994816,7633.251692,0,0.24427373,2,0
3.689984102,MO,2018,0.529287599,12.56,110763000000,0.118764244,17.56744647,0.707889126,1.733413522,2,1
3.689984102,MO,2018,1.461295419,56.8,106553000000,0.123034949,17.44480845,0.663674762,1.851695466,1,1
2.672616012,MO,2015,-0.66293279,-10.56,106449000000,0.521050738,16.09690005,0.70718232,10.46779417,2,1
2.563195147,MO,2014,0.786653185,89.1,105032000000,0.410086264,16.78360499,0.83171521,10.43828799,4,1
-0.691813804,MO,2019,1.201173959,56.78,101814000000,0.079551104,18.09069296,1.341071429,3.207188011,1,0
4.600000001,MO,2004,2.16714171,136,99216871220,0.088539697,4.365402641,0,2.162397277,3,1
4.600000001,MO,2004,1.964418131,78.8,98790169453,0.095625563,4.293731287,0,2.226858686,2,1
4.540000002,MO,2003,2.241490249,110.56,98773233607,0.112532305,4.717189627,0,2.779797626,3,1
2.672616012,MO,2015,1.246185148,78.4,98398300000,0.401894986,16.95353205,1.007858546,12.50651402,1,1
2.563195147,MO,2014,1.133266027,56.7,94097500000,0.32533768,14.49661069,0.681460272,6.937121565,3,1
-0.691813804,MO,2019,0.033119658,43.2,90792000000,0.137997788,13.71687566,0.751002004,2.975456305,2,0
3.689984102,MO,2018,0.910969793,67.8,90198600000,0.084533712,14.75279686,1.2048,2.762629337,4,1
-0.691813804,MO,2019,1.325307651,78.2,89712000000,-0.291546127,14.93457633,-0.866041896,6.918836387,4,0
-0.691813804,MO,2019,1.497060396,80.3,85991160000,-0.246752015,12.54246791,-0.575326672,4.017828355,3,0
4.540000002,MO,2003,0.927274969,51.2,85368421040,0.114488713,4.098143202,0,2.855967263,2,1
2.563195147,MO,2014,-0.705496722,-10.4,81540960000,0.287144482,13.03404092,0.756735341,6.572696246,2,1
2.563195147,MO,2014,1.056394763,56.7,79658460000,0.285540705,14.43872757,0.814468085,7.604131227,1,1
2.268634317,MO,2013,1.177911044,69.56,74157060000,0.350665662,11.31650542,0.63252149,8.030394373,3,1
2.065217391,MO,2012,-0.958128079,-36.76,73404800000,0.338637959,11.31567751,0.577747063,7.084952024,2,1
2.268634317,MO,2013,0.887668497,45.9,73129530000,0.388063883,13.2289309,0.639711191,9.088540207,1,1
-8.5,MO,2020,1.656081808,68.65,72926500000,0.237200061,11.468234,1.007087629,7.041876815,1,0
2.268634317,MO,2013,-0.623564653,-35.89,71226680000,0.355119215,11.29685646,0.697472354,8.66058906,2,1
2.268634317,MO,2013,0.67933967,95.74,70664650000,0.118475358,11.62247533,1.967213115,7.462976451,4,1
2.065217391,MO,2012,0.85770751,56.87,68208800000,0.348169192,10.92739507,0.808703536,10.15183081,4,1
4.540000002,MO,2003,1.011568966,87.35,66077037032,0.025806452,3.411131951,0,0.688342603,1,1
2.065217391,MO,2012,0.895280236,71.3,65515140000,0.262901918,11.60176023,0.861253854,9.217508781,1,1
2.065217391,MO,2012,1.068540434,75.67,64409280000,0.169943094,10.31869273,1.269406393,8.06311433,3,1
-0.024272028,GWPH,2019,-0.115231299,108.09,60825802800,0.109409899,844.3571837,0,0.156243998,2,0
1.64244186,MO,2011,0.49370155,34.65,58596960000,0.227173913,9.560606951,1.008373206,9.044021739,4,1
1.64244186,MO,2011,0.989859971,69.55,57076760000,0.265444671,9.344590701,0.673486786,7.418420457,3,1
1.64244186,MO,2011,0.983205374,73.45,55934560000,0.171832019,9.912202729,0.847385272,6.075738126,1,1
1.64244186,MO,2011,-0.774038462,89.3,54704000000,0.095834233,9.240540541,1.790540541,6.949924455,2,1
1.880115551,MO,2010,0.666666667,23.4,52771920000,0.21961165,8.243036551,0.645446508,6.205825243,3,1
-0.024272028,GWPH,2019,-0.067944927,130.67,49470146640,0.022131438,543.8012844,0,0.178135357,3,0
1.880115551,MO,2010,0.478093404,53.76695321,49411830000,0.177003082,8.336735279,0.86289445,6.203775039,4,1
1.49,MO,2008,-1.14115285,48.68468467,45276756746,0.23640061,8.958598486,0,2.902135231,2,1
-8.5,GWPH,2018,-0.456070283,-109.2457188,44056176480,-0.971377231,-553.8940203,0.031755356,0.181559354,3,0
-0.883902904,GWPH,2018,-0.456070283,-109.2457188,44056176480,-0.971377231,-553.8940203,0.031755356,0.181559354,3,0
1.49,MO,2008,0.913925082,68.96551723,42344827580,0.130416313,9.602001719,0,3.313508921,1,1
-0.024272028,GWPH,2019,-0.073569622,-120.082,41929087200,-0.034359272,384.402501,0,0.2151621,4,0
1.49,MO,2008,1.293272502,10.1,39823068949,0.207515558,7.602724122,0,2.646242221,3,1
0,MO,2009,-0.065269944,-7.56,37457516661,0.237033056,5.945637565,-0.20521542,7.427304488,3,0
-8.5,GWPH,2020,-0.067169923,-122.09,37210021200,-0.011139782,308.4564025,0,0.050209439,1,0
0,MO,2009,-0.918225,36.33794493,36737662321,0.302422973,5.467727686,0,8.172898594,2,0
-8.5,YCBD,2020,-0.151060988,2.354435586,35042884800,0.161503402,3.611253818,0.006719801,0.158785363,1,0
0,MO,2009,0.971205433,58.32142856,34351321419,0.212023038,7.594809069,0,10.99640029,1,0
1.49,MO,2008,0.46918123,50.51704539,34301073820,0.24009901,7.370235028,-0.366715758,6.768387553,4,1
9.320283019,TAP,2016,1.414021791,106.869375,22057839000,0.0208075,23.27758442,0.426841085,1.237693432,3,1
9.320283019,TAP,2016,1.468929254,124.0387232,21371872000,0.017488302,21.67093085,0.511897853,0.555190159,2,1
6.56545961,TAP,2017,-1.38744186,102.4160457,20616350000,0.017355992,8.419304121,0.438648783,1.547175017,1,1
9.320283019,TAP,2016,1.621698113,14.07093993,20239640000,0.125968806,5.051827077,0.061387653,1.569600743,4,1
9.320283019,TAP,2016,-0.807956778,122.6087406,19470268000,0.016042349,29.62609251,0.55604534,0.536580192,1,1
6.56545961,TAP,2017,3.542963307,59.34235385,19185383000,0.026728065,6.206250768,0.27312094,1.48998421,2,1
6.56545961,TAP,2017,2.726555246,29.4973622,17981592000,0.046090684,6.970690029,0.145177165,1.286909973,4,1
-4.007026398,AMRS,2011,-0.763674524,-130.68,17384785246,-0.118185449,467.6597957,0,0.248265387,1,0
6.56545961,TAP,2017,0.997678737,67.5,17005830000,0.022421166,5.898248474,0.315357143,1.456534969,3,1
1.94009714,TAP,2015,0.907717215,134.89,16765944000,0.004657106,6.973316142,2.295731707,0.743049837,4,1
1.94009714,TAP,2015,1.050673854,150.09,16342550000,0.00228956,16.06305288,4.56626506,0.74410714,3,1
5.168981481,TAP,2018,0.49536608,34.65,15373592000,0.020682885,6.593863178,0.318230852,1.244885058,1,1
-4.007026398,AMRS,2011,-4.331959345,-118.56,15362028864,-0.17099772,480.0333999,0,0.296564311,2,0
5.168981481,TAP,2018,3.88976378,33.99114124,14415643000,0.031237571,3.308616709,0.208677199,1.250998041,2,1
5.168981481,TAP,2018,1.755555556,185.6747368,14111280000,0.005626545,4.665811401,1.165789474,1.22913366,4,1
2.779881017,TAP,2014,0.813953488,149.1972051,14039457000,0.011966986,5.095991652,0.72794899,0.779952437,4,1
-4.007026398,AMRS,2011,-0.40271696,-110.687,13899750338,-0.215644197,383.1665657,0,0.479574349,3,0
1.138888889,TAP,2019,-1.369515012,91.79085205,13897135000,0.011093769,4.963085247,0.585865258,1.18531138,1,1
1.94009714,TAP,2015,-1.487082885,168.4113194,13658158000,0.011169107,19.51165429,0.939580764,0.783710457,1,1
2.779881017,TAP,2014,2.236058473,-112.78,13468324000,-0.003929507,11.53109932,-2.072727273,0.7663015,3,1
1.94009714,TAP,2015,1.800861141,22.67,13019006000,0.030103456,12.94521826,0.33231441,0.761144194,2,1
2.779881017,TAP,2014,1.979403794,11.4,12748950000,0.032459272,10.72692469,0.235476109,0.771144834,2,1
5.168981481,TAP,2018,1.638258453,37.98,12567539000,0.024401151,3.466811674,0.261897724,1.197784205,3,1
1.138888889,TAP,2019,3.758079409,45.8,12328872000,0.023698865,3.405765746,0.269277474,1.162798394,2,1
1.138888889,TAP,2019,2.819444444,23.5,12152160000,0.012371441,4.888238134,-1.807228916,0.601430914,4,1
1.138888889,TAP,2019,1.446906741,34.76,11479800000,-0.030313621,3.281818182,-0.30952381,1.18437367,3,1
2.779881017,TAP,2014,0.457948996,23.45,11052471000,0.018998012,13.54469485,0.417380661,0.786533967,1,1
2.880000002,TAP,2007,1.56274453,-125.78,10155511600,-0.007257777,6.805407061,-0.572110318,0.889870299,3,1
2.131868132,TAP,2008,1.580110497,123.9738272,10041880000,0.011325503,5.712104664,0.456790123,0.834871365,2,1
3.1,TAP,2013,2.027914614,81.81,9964458000,0.014691337,8.507904713,0.483579639,0.902491979,3,1
3.1,TAP,2013,0.341530055,74.88387833,9847230000,0.015221845,3.4895744,0.447908745,0.803481925,4,1
2.131868132,TAP,2008,-0.696132597,130.08,9790290000,0.005243021,7.219977876,0.756756757,0.806858438,1,1
3.1,TAP,2013,0.275729224,140.67,9359367000,0.004581076,11.29676162,1.634831461,1.051537105,1,1
3.929347826,TAP,2009,1.706521739,39.33389831,9282800000,0.033627814,10.86978923,0.186440678,0.63508122,3,1
3.1,TAP,2013,2.14591333,32.6555352,9091301000,0.034867556,7.717573005,0.210488506,1.018523389,2,1
3.806885422,TAP,2010,-0.410973642,82.06350638,9010573000,0.014079089,10.7898132,0.47723133,0.62814792,4,1
3.806885422,TAP,2010,1.637049004,35.174959,9008307000,0.033673,10.295208,0.199531433,0.596042338,3,1
3.657652785,TAP,2011,0.057249866,108.1945838,8969331000,0.010350338,12.99149913,0.628468034,0.60677454,1,1
-8.5,TAP,2020,-0.083333333,-77.02747826,8858160000,-0.009065111,4.214157945,-1.069565217,1.223001734,1,0
3.806885422,TAP,2010,1.515086207,36.36883642,8626688000,0.032466022,9.766430431,0.22301855,0.657163192,2,1
3.657652785,TAP,2011,1.00855615,38.60022442,8600130000,0.027358236,9.211793059,0.26929982,0.609089123,2,1
-0.815844846,TLRY,2018,-0.359711682,-125,8392278184,-0.099407806,835.3018995,0,0.189709432,3,0
3.929347826,TAP,2009,1.891304348,43.50425532,8178800000,0.028143713,10.24912281,0.239361702,0.651347305,2,1
3.806885422,TAP,2010,0.339622642,78.04832696,8163855000,0.014626507,12.35076399,0.427342256,0.675266381,1,1
2.450221239,TAP,2012,0.35840708,136.0218667,8161312000,0.00753116,2.990915821,0.97,1.034944583,4,1
3.929347826,TAP,2009,0.858695652,35.31479821,7875200000,0.031501625,9.592204629,-0.560538117,0.696143523,4,1
3.657652785,TAP,2011,0.841535965,45.41366051,7865646000,0.02264674,8.391812653,0.334872979,0.624472077,4,1
2.450221239,TAP,2012,2.106253459,39.58277218,7853222000,0.024120994,6.568985362,0.292842742,1.001957399,3,1
3.657652785,TAP,2011,1.491143317,39.44954407,7787340000,0.024996834,8.159409053,0.293819656,0.574002786,3,1
2.880000002,TAP,2007,1.664918182,21.45331789,7777256801,0.050706417,1.726290602,-0.236968995,0.875378616,4,1
2.450221239,TAP,2012,1.657807309,73.1850999,7691754000,0.013455728,7.696371823,0.552806851,1.078749936,2,1
2.131868132,TAP,2008,0.087912088,78.16618557,7582120000,0.016220736,10.25997294,-1.051546392,0.740133779,4,1
2.450221239,TAP,2012,0.092068774,94.30030189,7496874000,0.010182778,10.84303442,0.727044025,0.59289383,1,1
-8.5,SMG,2020,-5.321364452,28.39551546,7161349000,0.319361783,5.17887547,0.130848533,4.237052045,1,0
2.131868132,TAP,2008,1.291208791,40.86057803,7068880000,0.024233086,7.675222584,0.213872832,0.724331139,3,1
-5.578745861,AMRS,2010,-1.645524507,-103.7,6929656138,-0.083421667,233.0941551,0,0.162268409,4,0
3.929347826,TAP,2009,0.021857923,12.67,6670350000,0.012518531,11.93264758,0.473684211,0.629715039,1,1
-0.815844846,TLRY,2018,-0.425914306,-128.09,6431588147,-0.156886058,414.1129449,0,2.322322454,4,0
-4.007026398,AMRS,2011,-0.596619714,-105.2513373,6276347746,-0.370265504,151.0953019,0,0.987625115,4,0
3.675084175,SMG,2017,-3.991319444,-107.7,6172992000,-0.04176611,27.86903837,-1.452380952,4.789180589,4,1
3.675084175,SMG,2017,4.107744108,-130.78,5869314000,-0.052404439,51.53041264,-0.908823529,3.233970407,3,1
3.675084175,SMG,2017,-8.843333333,58.37675351,5826000000,0.147002504,4.01709991,0.600200401,4.653851819,2,1
3.675084175,SMG,2017,9.564489112,37.70133553,5730603000,0.208105148,5.316451433,0.194078947,3.583105148,3,1
8.300900901,SMG,2019,8.312274368,28.08453148,5664650000,0.251999,4.840340084,0.151214675,3.332083958,2,1
-0.003796497,CGC,2020,-4.294172763,-4.214410833,5568610608,-0.270410993,13.96439722,0,0.403445958,1,0
8.300900901,SMG,2019,5.241441441,-94.30215517,5469525000,-0.080701266,10.98960217,-0.55862069,3.214136636,3,1
5.160392799,SMG,2016,-3.757920925,-83.12721013,5428206821,-0.112625043,26.1726462,-0.45941807,4.173853053,4,1
5.160392799,SMG,2016,3.988543372,-199.7517407,5393297000,-0.037751678,13.4061571,-1.118518519,2.927293065,3,1
-3.112473545,AMRS,2013,-0.482756894,-35.8015327,4992523736,1.030946889,324.2530191,0,-2.470191625,4,0
-3.197121453,TLRY,2019,-0.357837938,-160.7191765,4869951767,-0.079338605,211.387784,0,1.818904483,1,0
1.133451957,SMG,2018,-5.01754386,31.99503022,4764060000,0.303382233,4.701065719,0.200134318,6.285044825,1,1
8.300900901,SMG,2019,-5.792418773,11.76883228,4666342000,0.642417369,3.921625347,0.078688525,5.410401815,1,1
0.027640272,AMRS,2014,-0.332902583,-128.698375,4570079296,0.255484168,491.0367783,0,-3.04435539,2,1
5.160392799,SMG,2016,9.585644372,21.37006106,4549686000,0.261901833,4.576688462,0.134805073,3.009964325,3,1
-8.5,NBEV,2015,8.45E-06,170,4466077000,0.121925927,3480.817643,0,0.81909371,2,0
5.160392799,SMG,2016,-4.845276873,-45,4445360000,0.311371039,3.723082077,0.136947218,4.456914421,2,1
1.133451957,SMG,2018,8.350442478,61.7,4376490000,0.157674772,4.400251357,0.353012048,5.770326748,2,1
5.160392799,SMG,2016,-5.767479675,-78.6,4214595000,-0.157648891,17.1534188,-0.356790123,4.308291164,1,1
2.880000002,TAP,2007,-1.960565907,123,4154309070,0.000744262,3.38130545,6.453142727,0.957452939,2,1
0.027640272,AMRS,2014,-0.129545096,167.9,4056644486,-0.146232868,671.5187033,0,-3.117050667,1,1
2.615384615,SMG,2015,-1.600654664,-161.69504,4042376000,-0.040277106,8.365844371,-1.156,3.071532141,3,1
2.615384615,SMG,2015,-6.489326765,32.2144382,4013919000,0.224060421,3.641403429,0.219903692,4.412335911,1,1
2.880000002,TAP,2007,2.508021937,21.17459908,3916517370,0.028548854,20.27844157,0.155139136,1.007806355,3,1
-3.197121453,TLRY,2019,-1.071533345,-111.6730068,3914473908,-0.097324297,85.27522455,0,1.84348927,2,0
2.702922078,SMG,2014,-4.629934211,-53.44569863,3901536000,-0.163384064,18.04595745,-0.375342466,4.069829902,4,1
1.133451957,SMG,2018,-4.450271248,-48.587,3838373000,-0.318163512,12.87612546,-0.384810127,11.98912606,4,1
1.133451957,SMG,2018,5.665480427,-25.95522449,3815418000,-0.414551607,8.793311823,-0.206802721,7.61393119,3,1
2.702922078,SMG,2014,-7.161290323,29.7955414,3742320000,0.185881308,3.483820518,0.21656051,3.545212372,1,1
2.61102107,SMG,2013,-3.600644122,-56.83583077,3694329000,-0.104619347,18.81022912,-0.42,2.475615645,4,1
2.702922078,SMG,2014,3.043831169,-180.78,3610376000,-0.027090482,7.947118644,-9.966666667,2.717355969,3,1
2.61102107,SMG,2013,2.94165316,-189.9710526,3609450000,-0.026741731,8.147742664,-1.426315789,1.726530612,3,1
2.615384615,SMG,2015,10.8147541,27.02473763,3605100000,0.196176471,2.967648996,0.206896552,3.438382353,2,1
-8.5,NBEV,2015,-0.017432929,-5.358698532,3579691000,-1349.219974,6.605936629,0,1.360696166,4,0
-0.408211372,AMRS,2016,-0.028257437,-181.2566102,3571661504,0.121348162,134.5511962,0,-1.61224628,3,0
1.970149254,SMG,2006,-3.28358209,-60.19779661,3551670000,-0.047542305,13.10579336,-0.13559322,0.161160355,4,1
0.027640272,AMRS,2014,-0.361885035,-94.93402489,3481420561,0.203726542,213.0481954,0,-2.436879882,3,1
4.193987198,TAP,2006,1.70182266,35.05874092,3479474860,0.0170605,2.272250756,-0.831360142,0.986577923,4,1
3.03030303,SMG,2005,-3.647058824,-64.78307692,3368720000,-0.044217687,13.52899598,-0.153846154,0.170068027,4,1
2.702922078,SMG,2014,10.26580227,27.4532046,3341055000,0.161149364,2.992704228,0.22021364,2.318855932,2,1
2.595054096,SMG,2011,-1.018292683,14.92229553,3302304000,0.288038527,1.365434774,0.22322639,2.289340102,3,1
-8.5,SMG,2010,-6.863636364,27.75384615,3247200000,0.073216521,2.278736842,0.068376068,0.578222778,2,0
2.595054096,SMG,2011,1.795981453,19.35576048,3232412000,0.298320829,7.747871524,0.110778443,2.665952126,3,1
-8.5,SMG,2010,-0.007090909,18.30375,3221460000,0.126346016,2.600048426,0.045454545,0.4005743,3,0
1.745901639,SMG,2012,-7.072607261,24.96415094,3175440000,0.2157029,2.70595654,0.143867925,4.205528235,1,1
-0.408211372,AMRS,2016,-0.11459001,-190.4,3170153314,0.097705441,359.7949511,0,-1.651699378,1,0
2.61102107,SMG,2013,11.02593193,20.81230094,3084383000,0.199784308,2.686510757,0.13562753,2.184551092,2,1
-3.112473545,AMRS,2013,-0.281054552,-79.12095782,3078912953,-1.867543312,283.7969354,0,8.734366751,2,0
-3.112473545,AMRS,2013,-0.331346889,-92.55515668,2990919888,-0.54435348,380.0889424,0,3.061518766,1,0
1.74000002,SMG,2007,-4.984848485,35.75927711,2968020000,0.221925134,2.988942598,6.265060241,7.13368984,1,1
-3.112473545,AMRS,2013,-0.321360679,-121.9290724,2954097566,-23.98811881,421.7729249,0,192.839604,3,0
4.193987198,TAP,2006,7.991644653,11.23302899,2940627260,0.04458368,0.681695683,-0.10485744,0.999100949,3,1
1.970149254,SMG,2006,-5.014925373,31.20489362,2933260000,0.076360682,3.230462555,0.085106383,0.163281885,2,1
1.74000002,SMG,2007,9.023362934,-73.07657963,2923063185,-0.083507307,5.742756749,26.975,3.751565762,3,1
2.595054096,SMG,2011,-3.571428571,-39.77687671,2903712000,-0.157259802,13.74863636,-0.25890411,3.662429987,4,1
-3.632594165,AMRS,2012,-0.55275509,-60.64061795,2858295527,-0.512153249,148.382678,0,2.206273837,2,0
-1.717464503,AMRS,2015,-0.259251665,-66.75018481,2799502751,0.265333882,284.3000661,0,-1.697168886,4,0
2.61102107,SMG,2013,-6.281300813,27.85335,2785335000,0.164771791,2.731791879,0.207,3.773274015,1,1
1.745901639,SMG,2012,-3.153094463,-40.94263636,2702214000,-0.128454652,13.13029155,-0.301515152,3.141884002,4,1
-1.717464503,AMRS,2015,-0.041352123,-51.38776796,2685627529,0.281656894,341.1620337,0,-2.040430715,1,0
1.74000002,SMG,2007,8.830769231,20.7748062,2679950000,0.254940711,2.44075592,0.062015504,4.173913043,2,1
2.360000017,SMG,2009,10.11869288,-175.5610157,2633415235,-0.025684932,4.517007264,3.866666667,2.799657534,3,1
1.970149254,SMG,2006,8.23880597,19.7624812,2628410000,0.099253731,2.508024809,0.067669173,0.15,3,1
2.360000017,SMG,2009,9.59375,17.44,2581120000,0.245847176,2.0165,0.054054054,3.5,2,1
1.745901639,SMG,2012,0.129508197,-63.88225,2555290000,-0.066456222,6.738633966,-0.4975,2.446419671,3,1
-1.717464503,AMRS,2015,-0.194060105,-33.09006921,2537611227,0.543235413,295.3801918,0,-1.956435195,3,0
1.699482387,TAP,2005,-2.627016611,18.60566502,2510722860,0.025342943,0.455922592,0.203877164,1.200202001,4,1
-3.632594165,AMRS,2012,-0.549720935,-57.34988818,2501258023,-0.649926981,427.2733213,0,2.618663011,4,0
1.699482387,TAP,2005,-1.510189205,-47.18616045,2440940080,-0.010050366,2.293804021,-0.527604871,1.282188178,1,1
2.360000017,SMG,2009,-7.15625,31.28519481,2408960000,0.169977925,2.509333333,0.116883117,5.549668874,1,1
1.745901639,SMG,2012,11.83934426,25.8056806,2407670000,0.1384273,2.266682357,0.196141479,2.537240356,2,1
-3.632594165,AMRS,2012,-1.231842982,-24.84357944,2357556314,-0.714062124,80.00123229,0,1.423759933,1,0
-2.242511449,AMRS,2017,-0.08755023,-62.86472531,2349317650,0.176122118,180.9951964,0,-1.44980866,1,0
-3.632594165,AMRS,2012,-0.505517718,-111.5800109,2274893262,-0.263189828,119.0544935,0,2.376750791,3,0
1.74000002,SMG,2007,-3.046875,-39.02857143,2185600000,-0.134292566,7.096103896,-0.142857143,4.774580336,4,1
-0.170000001,SMG,2008,-2.796875,-37.95087719,2163200000,-0.154891304,6.802515723,-0.140350877,5.14673913,4,0
-3.197121453,TLRY,2019,-0.845129013,-60.22349132,2148653723,-0.085816202,42.04719523,0,1.501990384,3,0
-0.408211372,AMRS,2016,-0.155108075,-44.0152143,2145961773,0.264333541,96.49976495,0,-1.704128602,4,0
-0.170000001,SMG,2008,-6.015625,37.46807018,2135680000,0.122317597,2.229311065,0.140350877,5.802575107,1,0
0.027640272,AMRS,2014,-0.262767529,34.87873585,2022722528,-0.465986887,174.5984056,0,-2.737079356,4,1
-1.717464503,AMRS,2015,-0.37063378,-42.80391952,2018718452,0.20744227,257.391107,0,-1.708533099,2,0
1.699482387,TAP,2005,-0.476594936,64.60372626,1962596600,0.005938243,4.830555173,0.909509859,1.307056949,2,1
-3.197121453,TLRY,2019,-1.175284499,-8.770711475,1930758112,-0.771676756,41.13597477,0,2.142029859,4,0
-0.815844846,TLRY,2018,-0.45332,26.65649995,1713000000,1.823863314,-0.598175303,-0.434751486,2.022024181,2,0
-0.170000001,SMG,2008,9.894000069,-44.99108703,1484705872,-0.075688073,2.729238735,1.696969697,3.94266055,3,0
5.294437418,TAP,2004,-8.189698323,8.715665328,1361134170,0.097535796,0.352285468,0.049253703,0.042497155,4,1
3.03030303,SMG,2005,14.39393939,14.39764045,1281390000,0.042040624,1.406575192,0,0.519603212,3,1
5.294437418,TAP,2004,3.26353606,19.00139294,1276817600,0.047141392,5.620216301,0.113369843,2.15851956,2,1
-0.170000001,SMG,2008,8.46875,57.39636364,1262720000,0.044088176,1.078326217,0.363636364,4.476953908,2,0
5.294437418,TAP,2004,4.030409042,30.99033157,1257122800,0.026816643,2.843583787,0.188955997,1.938109184,3,1
5.294437418,TAP,2004,0.907647829,120.78,1221277840,0.003556169,1.322429121,1.561983471,2.279799267,1,1
3.03030303,SMG,2005,-15.63636364,60.0105,1200210000,0.009363296,1.164122211,0,0.570224719,2,1
-0.408211372,AMRS,2016,-0.070390218,-83.74369389,1136066951,0.088050886,118.3649668,0,-1.687109755,2,0
4.472966242,TAP,2002,1.80805202,9.685798981,1114196200,0.117160343,0.401552082,0.064754768,3.376846385,4,1
4.806456052,TAP,2003,5.564973306,28.29008121,1020734420,0.028469057,0.997910218,0.206784734,0.033214295,4,1
4.806456052,TAP,2003,4.966662078,16.31514537,1002206750,0.053468749,0.955643954,0.121410432,2.731892888,3,1
4.806456052,TAP,2003,1.040951854,112,951927600,0.00080686,1.149475271,9.243176179,3.098344836,1,1
-8.5,TLRY,2020,-0.67930418,-4.654660111,857029984,-0.967500053,16.44908033,0,3.810959077,1,0
-5.578745861,AMRS,2010,-7.430394539,-33.14036188,667148625,-0.06344489,27.53967492,0,0.150643399,3,0
-8.5,CRBP,2020,-0.405136334,-15.13599461,448885000,-1.306956925,254.7503602,0,1.873492309,1,0
-1.118225829,CRBP,2019,0.166105113,-0.01678556,440365955,-620.1943072,233.5313985,0,1.396956182,1,0
-8.5,AMRS,2020,-0.299041112,-4.776039955,418677215,0.482353718,14.37271591,0,-1.889731372,1,0
-1.118225829,CRBP,2019,-0.373296426,-0.015601724,414705704,-4316.764987,161.1433772,0,6.98083317,4,0
-2.2242189,AMRS,2018,-0.627229602,-6.045001992,413000581,0.330809047,27.78155396,0,-1.594024026,3,0
-0.976708631,CRBP,2018,-0.251125317,-0.02377982,411538130,-628.764589,213.530249,0,0.707205934,4,0
-0.646145492,CRBP,2017,-0.193198698,-0.012613258,408942167,-561.087123,0.167585856,0,0.159121381,4,0
-1.118225829,CRBP,2019,-0.262577996,177.6887997,382502328,0.045439737,13.14685719,0,0.775709633,2,0
-0.976708631,CRBP,2018,-0.157292811,-0.025727874,375658120,-340.58693,344.3630912,0,0.42711755,3,0
-2.2242189,AMRS,2018,-0.517041523,167,352431114,-0.006013816,15.19492602,0,-1.465460765,2,0
-0.646145492,CRBP,2017,-0.130291614,-0.050242118,349966295,-217.8076083,439.4838898,0,0.201346483,3,0
-2.382435576,AMRS,2019,-0.477087056,-5.242124063,347254024,0.278171809,24.15848228,0,-1.441539954,1,0
-2.2242189,AMRS,2018,-0.499872024,-3.692737372,337870699,0.313183729,14.69130788,0,-1.404452538,1,0
-0.976708631,CRBP,2018,-0.050898471,-0.028676859,335386911,-178.4475994,352.8746737,0,0.17699402,1,0
-0.646145492,CRBP,2017,-0.143942705,-0.044732355,333946670,-171.2804395,258.133605,0,0.161090392,1,0
-1.118225829,CRBP,2019,-0.287261928,-0.015702388,326465233,-701.4281019,126.0589142,0,1.298543761,3,0
-2.382435576,AMRS,2019,-0.60441747,-5.3404847,312396993,0.273325359,8.937630332,0,-1.598623467,3,0
-0.646145492,CRBP,2017,-0.11918394,-0.040375933,294618624,-194.1355316,841.320394,0,0.185560738,2,0
-0.976708631,CRBP,2018,-0.109782474,-0.022575505,272471688,-217.5239469,319.1858077,0,0.266797897,2,0
-0.486141993,CRBP,2016,-0.131866074,-0.035593257,269450743,-848.7583296,717.2538209,0,1.005573572,4,0
-2.382435576,AMRS,2019,-0.428782963,-3.414150311,268632175,0.307619528,6.627002536,0,-1.629321636,4,0
-2.382435576,AMRS,2019,-0.250815534,-6.592642203,251100556,0.210116345,4.005176831,0,-1.677527018,2,0
-0.486141993,CRBP,2016,-0.081650972,-0.039334353,210311661,-401.5826965,283.2259042,0,0.483896226,3,0
-1.162882514,NBEV,2019,-0.323879817,-19.26822307,205919500,-0.07122435,2.948953142,0,1.090518304,3,0
-2.242511449,AMRS,2017,0.063093791,-99.60954293,161267850,0.008069018,2.001139748,0,-1.754983952,4,0
-1.162882514,NBEV,2019,-0.176577953,-2.029520584,133645960,-0.71363858,2.25658016,0,1.721538878,4,0
-0.11549084,NBEV,2017,0.070261022,-0.032816455,116036558,-67.04695499,10.31773849,0,0.283175479,4,0
-0.486141993,CRBP,2016,-0.069372966,-0.02524229,105749822,-237.3126345,266.6423478,0,0.281758066,2,0
-2.2242189,AMRS,2018,-0.663895501,1.162760857,100631138,-0.397440254,1.221459209,0,-1.587469461,4,0
-0.11549084,NBEV,2017,-0.134518069,-0.127214323,89985560,-24.47970072,8.341418263,0,0.394216019,1,0
-2.242511449,AMRS,2017,-1.638838156,75.70244706,87663434,-0.005781819,3.413685113,0,-1.562728739,2,0
-2.242511449,AMRS,2017,-1.556877132,-2.506897237,86480434,0.175693157,3.574014712,0,-1.705792776,3,0
-0.486141993,CRBP,2016,-0.068615226,-0.029124707,84235670,-451.6298936,212.3956006,0,0.638860482,1,0
0.192332154,NBEV,2016,0.446720546,19.12500494,77069601,0.826002828,7.309156308,0,4.478158115,4,1
-0.11549084,NBEV,2017,-0.133836194,-143.8175087,69016872,-0.008762101,4.58602698,0,0.263764593,3,0
-2.871182413,YCBD,2019,-0.332529802,-0.002257545,65926998,-1150.849008,8.195455521,0,2.976672446,2,0
-2.871182413,YCBD,2019,1.320693844,5.508610513,65467324,0.316044811,7.538120362,0,1.513513515,3,0
-0.024272028,GWPH,2019,-191.086006,-1.250693755,62614732,-0.078258137,1.595401741,0,0.171678945,1,0
-2.871182413,YCBD,2019,-0.335579368,-0.001842683,61451436,2270.185596,10.83159415,0,-7.455792715,1,0
-0.12601699,CRBP,2014,4.277134418,0.774102249,54728868,10.0771355,-0.39023757,0,0.087471076,3,0
-0.282318918,CRBP,2015,0.000188203,-0.020837533,53397031,-378.5624931,469.8953807,0,0.412994361,2,0
-0.282318918,CRBP,2015,-0.085087269,-0.02114786,47664845,-201.7110516,279.6346503,0,0.193312409,3,0
0.008115316,YCBD,2018,-0.124622599,-0.066996527,46243616,-41.10427647,37.02362313,0,4.742923416,4,1
-0.282318918,CRBP,2015,-0.031791559,-0.017691424,44203704,-278.0848324,121.3414087,0,0.432975923,4,0
0.008115316,YCBD,2018,-0.283226639,22.3862173,36778764,0.1160367,11.93763015,0,0.112468698,1,1
0.192332154,NBEV,2016,-0.33138488,18.66841742,35259171,0.286596754,2.615275128,0,3.173808064,3,1
-8.5,YCBD,2017,-0.263833628,-0.026504626,33522574,-94.73772677,48.74195841,0,0.145961769,4,0
-2.871182413,YCBD,2019,-0.19585672,2.272553438,29383577,0.232867038,2.895436937,0.00516127,0.833373286,4,0
0.008115316,YCBD,2018,-0.097359636,-0.032269956,28415503,-69.8455793,19.55580479,0,0.191194893,3,1
0.192332154,NBEV,2016,-0.010024847,-0.014119774,28205928,-322.1731254,41.07220791,0,3.279037077,2,1
0.008115316,YCBD,2018,-0.173847851,44.15482684,24958604,0.04091693,7.803394785,0,0.192235417,2,1
0.192332154,NBEV,2016,-0.00610146,-0.021453973,6174260,-1276.376538,10.48617595,0,4.70772813,1,1
-8.5,NBEV,2015,-5.903573987,-0.015438002,5905236,-330.7139374,8.349727743,0,1.174244442,3,0
-0.10090508,NBEV,2014,-0.051726709,-0.256171232,5468487,-41.93711888,18.19360187,0,1.650804284,3,0
-8.5,NBEV,2015,-0.008447973,-0.030550683,5359292,-278.8285016,22.01854732,0,1.628885643,1,0
-0.10090508,NBEV,2014,-0.001074066,-0.004200608,4211118,-1840.973281,17.24638004,0,1.396599027,4,0
-1.162882514,NBEV,2019,-130.3774083,-0.025301087,295542,-0.074024081,0.004454422,0,1.102034221,2,0
-1.162882514,NBEV,2019,240.1825698,-0.155209901,250819,-0.010330169,0.0043017,0,1.233841532,1,0
1.880115551,MO,2010,-858313.253,110.00,45982,0.230479982,0.0733,0.699616123,6.795841628,2,1
-0.486,CGC,2019,-12.4949,-10.56,5568610608,-12.56,34.7,0,1.45565633,4,0
-0.350033622,CGC,2018,-11.494,-15.78,44056176480,-20.3,53.65,0,0.43534348,4,0
-8.5,GWPH,2017,0.0001344,-5.78,35046178480,-10.56,20.5,0,1.595949393,2,0
-8.5,GWPH,2016,-1.2345,-3.7,33054577648,-5.45,6.7,0,0.48383983,3,0
-8.5,GWPH,2015,-3.465,-9.5,32105617568,-11.67,22.3,0,1.49439392,2,0
-8.5,GWPH,2014,0.2348575,-4.56,32056173456,-8.65,11.3,0,0.38389292,3,0
-8.5,GWPH,2013,-2.4848,-7.78,32024568736,-9.67,13.54,0,1.23949494,4,0
