,EPS,Ticker,Quarter-Year,CFPS,PE_Ratio,Market_Cap,ROE,Price_Sales_Ratio,Payout_Ratio,Debt_Equity_Ratio,Quarter,Final_Rating
0,-2.382435575621152,AMRS,2019,-0.4287829634918327,-3.4141503113799847,268632174.8,0.3076195279481736,6.6270025360173666,0.0,-1.629321635643549,4.0,0
1,-2.382435575621152,AMRS,2019,-0.6044174695369107,-5.340484699808535,312396993.0,0.27332535885167464,8.93763033216033,0.0,-1.5986234674043065,3.0,0
2,-2.382435575621152,AMRS,2019,-0.25081553359764075,-6.59264220331863,251100556.24,0.21011634514070093,4.00517683095671,0.0,-1.6775270175593449,2.0,0
3,-2.382435575621152,AMRS,2019,-0.4770870555767329,-5.242124063221775,347254024.32000005,0.2781718086647602,24.158482281897868,0.0,-1.4415399538920872,1.0,0
4,-2.2242189004193955,AMRS,2018,-0.663895500560093,1.1627608573574442,100631138.4,-0.3974402542295046,1.221459209088923,0.0,-1.5874694612318374,4.0,0
5,-2.2242189004193955,AMRS,2018,-0.6272296017205959,-6.045001992213229,413000581.11,0.3308090467590194,27.781553956007,0.0,-1.5940240259142873,3.0,0
6,-2.2242189004193955,AMRS,2018,-0.5170415231840172,229.89635616438355,352431114.0,-0.006013816478563275,15.194926015348795,0.0,-1.4654607650453293,2.0,0
7,-2.2242189004193955,AMRS,2018,-0.4998720240755552,-3.6927373724534407,337870698.63,0.31318372879499434,14.691307880250454,0.0,-1.4044525377548367,1.0,0
8,-2.242511449120206,AMRS,2017,0.06309379085788022,-99.60954292773316,161267850.0,0.008069017762803771,2.001139747853278,0.0,-1.7549839516756045,4.0,0
9,-2.242511449120206,AMRS,2017,-1.5568771316658463,-2.5068972368611764,86480433.98,0.17569315704769084,3.574014711741125,0.0,-1.7057927760914295,3.0,0
10,-2.242511449120206,AMRS,2017,-1.6388381558043896,75.70244705526771,87663433.69,-0.005781818726501999,3.4136851125389405,0.0,-1.5627287388345492,2.0,0
11,-2.242511449120206,AMRS,2017,-0.08755022975927504,-62.86472531107008,2349317649.6,0.1761221181216657,180.99519642526963,0.0,-1.449808660244689,1.0,0
12,-0.40821137217899545,AMRS,2016,-0.1551080751707314,-44.01521429596964,2145961773.0,0.2643335411640326,96.49976495188416,0.0,-1.704128602022283,4.0,0
13,-0.40821137217899545,AMRS,2016,-0.02825743701633145,-181.25661021314386,3571661504.25,0.1213481623805301,134.55119624223016,0.0,-1.6122462804217164,3.0,0
14,-0.40821137217899545,AMRS,2016,-0.0703902176821641,-83.7436938854489,1136066951.25,0.08805088596092685,118.36496678995623,0.0,-1.6871097553060297,2.0,0
15,-0.40821137217899545,AMRS,2016,-0.11459001001850568,-207.09127997778938,3170153313.9,0.09770544119993617,359.79495107252296,0.0,-1.6516993776926758,1.0,0
16,-1.7174645028035884,AMRS,2015,-0.25925166524397897,-66.75018480686695,2799502750.8,0.2653338816309746,284.3000660911953,0.0,-1.6971688862176952,4.0,0
17,-1.7174645028035884,AMRS,2015,-0.19406010450814928,-33.09006920835072,2537611227.4500003,0.5432354128739313,295.3801917646374,0.0,-1.9564351946957192,3.0,0
18,-1.7174645028035884,AMRS,2015,-0.3706337796191831,-42.80391951995251,2018718452.4,0.2074422696283264,257.39110702537295,0.0,-1.7085330987464262,2.0,0
19,-1.7174645028035884,AMRS,2015,-0.0413521230345324,-51.38776795568482,2685627528.9,0.28165689402431665,341.1620336509146,0.0,-2.0404307148400447,1.0,0
20,0.027640271572109514,AMRS,2014,-0.2627675286834463,34.878735854327246,2022722528.4,-0.4659868865104619,174.5984055589124,0.0,-2.737079355896249,4.0,1
21,0.027640271572109514,AMRS,2014,-0.3618850345758245,-94.93402488956151,3481420560.75,0.20372654244858504,213.0481953827795,0.0,-2.4368798817817185,3.0,1
22,0.027640271572109514,AMRS,2014,-0.3329025825579813,-128.69837498169528,4570079295.599999,0.25548416803965723,491.0367782959063,0.0,-3.044355389917333,2.0,1
23,0.027640271572109514,AMRS,2014,-0.1295450961408655,248.02179545121055,4056644486.4,-0.14623286752675482,671.5187032610494,0.0,-3.1170506665236166,1.0,1
24,-3.112473545094476,AMRS,2013,-0.48275689364521795,-35.80153270347795,4992523735.5,1.0309468890466051,324.25301912710273,0.0,-2.470191625266146,4.0,0
25,-3.112473545094476,AMRS,2013,-0.32136067911030664,-121.92907239970282,2954097566.1,-23.98811881188119,421.7729249143346,0.0,192.83960396039603,3.0,0
26,-3.112473545094476,AMRS,2013,-0.2810545518337449,-79.12095781723802,3078912952.5,-1.867543312377021,283.796935431837,0.0,8.734366751451745,2.0,0
27,-3.112473545094476,AMRS,2013,-0.3313468889541852,-92.55515667646604,2990919888.0,-0.5443534802237046,380.0889424323294,0.0,3.061518765581834,1.0,0
28,-3.6325941653414375,AMRS,2012,-0.5497209353898681,-57.3498881758151,2501258022.9,-0.649926981193932,427.2733213016741,0.0,2.6186630107590974,4.0,0
29,-3.6325941653414375,AMRS,2012,-0.5055177178802875,-111.58001086668631,2274893261.55,-0.2631898276641064,119.05449348702116,0.0,2.3767507906796617,3.0,0
30,-3.6325941653414375,AMRS,2012,-0.5527550895351223,-60.640617950567524,2858295527.1,-0.5121532493779405,148.38267804080363,0.0,2.206273836558626,2.0,0
31,-3.6325941653414375,AMRS,2012,-1.2318429817610128,-24.843579438543248,2357556314.4,-0.7140621237659524,80.00123229156063,0.0,1.4237599325788586,1.0,0
32,-4.007026398056245,AMRS,2011,-0.5966197144868409,-105.25133729541186,6276347745.599999,-0.3702655043091672,151.0953018994198,0.0,0.9876251148697316,4.0,0
33,-4.007026398056245,AMRS,2011,-0.4027169599426041,-316.522073548299,13899750337.8,-0.21564419738657736,383.16656571286813,0.0,0.479574348976876,3.0,0
34,-4.007026398056245,AMRS,2011,-4.3319593452887295,-358.7750213461628,15362028864.0,-0.1709977196576691,480.03339991250544,0.0,0.296564310845404,2.0,0
35,-4.007026398056245,AMRS,2011,-0.7636745241435218,-524.4753747216944,17384785245.899998,-0.11818544850356193,467.65979571474685,0.0,0.24826538689181574,1.0,0
36,-5.578745861003852,AMRS,2010,-1.6455245068935145,-270.0988516662769,6929656138.349999,-0.08342166700265978,233.0941551464899,0.0,0.16226840862830275,4.0,0
37,-5.578745861003852,AMRS,2010,-7.430394539147855,-33.14036187968805,667148625.0,-0.06344488952060989,27.53967492260062,0.0,0.15064339944342714,3.0,0
38,-0.003796497454792048,CGC,2020,-4.2941727628875,-4.2144108327543695,5568610608.0,-0.2704109928818209,13.964397219463756,0.0,0.4034459583632977,1.0,0
39,0.0,CGC,2019,,,,,,,,,0
40,-0.3500336216962717,CGC,2018,,,,,,,,,0
41,-3.1971214528771728,TLRY,2019,-1.1752844988541564,-8.770711474854295,1930758111.94,-0.7716767564876906,41.13597477288222,0.0,2.1420298593267453,4.0,0
42,-3.1971214528771728,TLRY,2019,-0.8451290127270269,-60.22349132406526,2148653723.46,-0.08581620160240915,42.04719523023033,0.0,1.5019903836208863,3.0,0
43,-3.1971214528771728,TLRY,2019,-1.0715333448802549,-111.67300681596441,3914473907.92,-0.09732429678454717,85.27522455385152,0.0,1.8434892702551875,2.0,0
44,-3.1971214528771728,TLRY,2019,-0.3578379383281544,-160.71917649021483,4869951766.83,-0.07933860494344365,211.38778395824292,0.0,1.8189044826141598,1.0,0
45,-0.8158448458092634,TLRY,2018,-0.42591430568029337,-207.41036946950885,6431588146.88,-0.1568860578893313,414.11294487669824,0.0,2.3223224539976624,4.0,0
46,-0.8158448458092634,TLRY,2018,-0.359711681827164,-448.7849296363637,8392278184.2,-0.09940780590493,835.3018994923857,0.0,0.18970943151493244,3.0,0
47,-0.8158448458092634,TLRY,2018,-0.45332,26.65649995331611,1713000000.0,1.823863313844582,-0.5981753034264305,-0.4347514861037627,2.0220241811886246,2.0,0
48,-2.4929613968889552,CARA,2019,-0.7304074802387935,-23.861777917584142,682709328.0,-0.15323517912518142,151.34323387275552,0.0,0.24768494962857435,4.0,0
49,-2.4929613968889552,CARA,2019,-0.6205395918153159,-25.599561396991657,840740795.4000001,-0.15499259063494011,145.33116601555747,0.0,0.2449385069893437,3.0,0
50,-2.4929613968889552,CARA,2019,-0.627501609259538,-41.051455030487794,942541407.5,-0.23064945502034254,180.97953293010752,0.0,0.5032497865287056,2.0,0
51,-2.4929613968889552,CARA,2019,-0.6962178182560766,-34.36509313114753,754657445.16,-0.19175354953633364,172.21758219078046,0.0,0.489556591746564,1.0,0
52,-2.062057818526542,CARA,2018,-0.6793844311778974,-26.347793712957586,544134635.76,-0.15454613484995885,98.34350908367978,0.0,0.42799521065628976,4.0,0
53,-2.062057818526542,CARA,2018,-0.5914084094413798,-32.5685239871134,631829365.35,-0.12973985153480908,124.81812827933624,0.0,0.42248378251855817,3.0,0
54,-2.062057818526542,CARA,2018,1.2424362101080508,-34.336321532511356,590378712.4300001,-0.2352892878646888,205.4205679993041,0.0,0.9143494444140348,2.0,0
55,-1.862811086246567,CARA,2017,-0.3657679643411969,-8.084555707870967,469914800.52,-0.6697971882922332,515.8230521624588,0.0,0.11781516478451255,4.0,0
56,-1.862811086246567,CARA,2017,-0.3214799781007019,-9.027056938199689,396721098.32,-0.44358762137392255,435.47870287596044,0.0,0.09056866584573148,3.0,0
57,-1.862811086246567,CARA,2017,-0.4011963164476992,-13.273212067039106,418159272.96,-0.28844533968137703,459.0112765751921,0.0,0.08014099981688336,2.0,0
58,-1.862811086246567,CARA,2017,-0.7928298641471155,-19.53665481084489,433791883.42,-0.7586183333902764,476.1711124259056,0.0,0.4793467491202296,1.0,0
59,-2.0997831006171483,CARA,2016,-0.485978082487457,-6.753078446927375,386816333.44,-1.1292262198127156,4497.864342325583,0.0,0.2583144406111385,4.0,0
60,-2.0997831006171483,CARA,2016,-0.490960025749462,-5.268392632264644,186016407.06,-0.4917411771259854,2162.9814774418605,0.0,0.1162920252917746,3.0,0
61,-2.0997831006171483,CARA,2016,-0.42568676597084415,-12.369463835092551,161718370.17999998,-0.15830386981159492,2047.067976962025,0.0,0.11450816099191165,2.0,0
62,-2.0997831006171483,CARA,2016,-0.3610105786994808,-15.552141124205013,166283492.89999998,-0.11263391869541857,23754.7847,0.0,0.07464683388287842,1.0,0
63,-1.0028280644987817,CARA,2015,-0.16957501698187175,-8.974619198055894,221583348.0,-0.23504436236243856,58.26540836181962,0.0,0.05571950801568867,4.0,0
64,-1.0028280644987817,CARA,2015,-0.32926882646964123,-70.26521147064967,336359567.31,-0.0420417519299509,137.85228168442623,0.0,0.03542854131719698,3.0,0
65,-1.0028280644987817,CARA,2015,-0.1866897975033614,-78.28337781491906,444962719.5,-0.1338356486931952,509.1106630434783,0.0,0.09350129503178714,2.0,0
66,-1.0028280644987817,CARA,2015,-0.2300460280582497,-52.29071214544679,245191149.25,-0.098873987854251,501.4133931492843,0.0,0.08919534412955465,1.0,0
67,-0.8463729378155566,CARA,2014,-0.27849938483544856,-54.22397858341322,226222438.65,-0.08075568115829816,247.50813856673958,0.0,0.08269133986295536,4.0,0
68,-0.8463729378155566,CARA,2014,-0.22156153958981387,-28.69373058453513,187025735.95,-0.11779163278214512,166.2450986222222,0.0,0.12717086834733893,3.0,0
69,-0.8463729378155566,CARA,2014,-0.22166624926920636,-65.5557404248366,240720678.84,-0.059641372141372134,250.750707125,0.0,0.10762084199584199,2.0,0
70,-0.8463729378155566,CARA,2014,-0.19745652235433334,-66.58651989654153,225262196.81,-0.05226486219255964,1265.5179596067414,0.0,0.10547212952663453,1.0,0
71,-1.1182258289871119,CRBP,2019,-0.37329642581977257,-0.015601724275689476,414705704.16,-4316.764987458517,161.14337722652243,0.0,6.9808331702548,4.0,0
72,-1.1182258289871119,CRBP,2019,-0.2872619283119841,-0.015702388431787694,326465233.11,-701.4281018518035,126.05891424493868,0.0,1.2985437611352482,3.0,0
73,-1.1182258289871119,CRBP,2019,-0.2625779960822061,177.6887997090102,382502327.76,0.04543973673211775,13.146857191938446,0.0,0.7757096327505921,2.0,0
74,-1.1182258289871119,CRBP,2019,0.16610511294654068,-0.016785559771370927,440365954.56,-620.1943072154571,233.531398486065,0.0,1.396956181907116,1.0,0
75,-0.9767086310093935,CRBP,2018,-0.2511253165167891,-0.023779819963860336,411538130.02,-628.7645890222831,213.53024896928662,0.0,0.7072059342860008,4.0,0
76,-0.9767086310093935,CRBP,2018,-0.15729281073051593,-0.025727874229062232,375658120.2,-340.58693002955954,344.36309119809914,0.0,0.4271175495673832,3.0,0
77,-0.9767086310093935,CRBP,2018,-0.10978247398680188,-0.02257550451552863,272471688.0,-217.52394694365123,319.18580770014734,0.0,0.2667978969511848,2.0,0
78,-0.9767086310093935,CRBP,2018,-0.05089847087192794,-0.028676859342381632,335386910.6,-178.44759940874835,352.87467367814133,0.0,0.1769940202873365,1.0,0
79,-0.6461454923339008,CRBP,2017,-0.1931986982150949,-0.012613258308994629,408942166.95,-561.0871230314102,0.1675858556180961,0.0,0.1591213805601216,4.0,0
80,-0.6461454923339008,CRBP,2017,-0.13029161427510355,-0.05024211786758808,349966295.25,-217.80760831780643,439.4838897944525,0.0,0.20134648305518932,3.0,0
81,-0.6461454923339008,CRBP,2017,-0.1191839395040823,-0.040375933394610604,294618623.5,-194.13553158002404,841.3203940191784,0.0,0.1855607380520926,2.0,0
82,-0.6461454923339008,CRBP,2017,-0.14394270540988752,-0.0447323553778954,333946670.40000004,-171.28043952220776,258.1336050095192,0.0,0.16109039181956744,1.0,0
83,-0.4861419933015891,CRBP,2016,-0.13186607417588975,-0.03559325690282057,269450742.9,-848.7583296101068,717.2538209066468,0.0,1.0055735721729495,4.0,0
84,-0.4861419933015891,CRBP,2016,-0.08165097179276236,-0.0393343532017847,210311661.0,-401.5826965401477,283.22590423913016,0.0,0.4838962256874013,3.0,0
85,-0.4861419933015891,CRBP,2016,-0.06937296602748405,-0.02524228983878564,105749821.87,-237.3126345486337,266.64234784340823,0.0,0.2817580658939082,2.0,0
86,-0.4861419933015891,CRBP,2016,-0.06861522645399401,-0.02912470655107925,84235670.4,-451.62989359630615,212.3956005829581,0.0,0.6388604821949757,1.0,0
87,-0.2823189175042093,CRBP,2015,-0.031791559496774265,-0.017691424360490596,44203704.45,-278.0848324041932,121.34140867765421,0.0,0.4329759232321389,4.0,0
88,-0.2823189175042093,CRBP,2015,-0.08508726897628485,-0.02114786010821315,47664844.68,-201.71105162688173,279.6346502868809,0.0,0.1933124094424204,3.0,0
89,-0.2823189175042093,CRBP,2015,0.0001882033461684863,-0.020837532542893947,53397031.48,-378.56249305672094,469.8953806892183,0.0,0.4129943614665151,2.0,0
90,-0.12601698989888868,CRBP,2014,4.277134418347553,0.7741022491268432,54728868.0,10.077135496678812,-0.3902375699668437,0.0,0.08747107625549078,3.0,0
91,2.2259590730755576,IIPR,2019,1.88203772874989,99.57049442940821,985947035.84,0.018069013339172643,55.791480072430964,0.8953746717834781,0.3610280834291345,4.0,1
92,2.2259590730755576,IIPR,2019,1.0377639413657922,112.391861202454,732794935.04,0.014495879123933096,63.417995243617476,0.90260736196319,0.3854458705642499,3.0,1
93,2.2259590730755576,IIPR,2019,0.8751353852752756,308.50530589097303,1052620103.7,0.012818008324943272,122.15621488917256,1.2930832356389217,0.6181082543164981,2.0,1
94,2.2259590730755576,IIPR,2019,0.637159168216539,225.99806193353473,822858943.5,0.01356678689599666,120.60075384728123,0.9395770392749244,0.5664888067487406,1.0,1
95,0.9784349299448994,IIPR,2018,0.8603503707546991,164.147696024006,437617757.6,0.01008732765274772,91.49440886472924,0.8908477119279821,0.06498115720490973,4.0,1
96,0.9784349299448994,IIPR,2018,0.9168670666421628,144.0102594978166,263826795.4,0.012125223376795287,67.19989694345391,0.9257641921397379,0.10008604143225892,3.0,1
97,0.9784349299448994,IIPR,2018,0.3735402545120277,130.188299922179,200750358.48,0.0101725104726721,59.0268622405175,1.0998702983138782,0.06672164132334994,2.0,1
98,0.9784349299448994,IIPR,2018,0.23030078472230486,212.5570850793651,200866445.4,0.006228825289689811,75.03415965633172,0.925925925925926,0.04735225490066836,1.0,1
99,-0.021331538323886227,IIPR,2017,-0.7054221215162931,153.5837628995058,93225344.08,0.008253001400426927,15.072812300727565,0.8649093904448105,0.08809093257556187,4.0,0
100,-0.021331538323886227,IIPR,2017,-0.00237437479743615,199.63654287425152,66678605.32,0.005570380253502335,1709.7078287179486,0.0,0.1698298865910607,3.0,0
101,-0.021331538323886227,IIPR,2017,0.2588223730943868,-140.4268714454976,59260139.74999999,-0.00703591316816166,47.25688975279107,-1.2440758293838865,0.06559071659608523,2.0,0
102,-0.021331538323886227,IIPR,2017,0.1862686567164179,-102.03045685279189,60300000.0,-0.009749579332871423,46.74418604651163,0.0,0.047659111155102435,1.0,0
103,-8.5,IIPR,2016,,,,,,,,,0
104,-1.16288251436856,NBEV,2019,-0.1765779526743644,-2.0295205843495157,133645960.0,-0.7136385803305337,2.2565801604052345,0.0,1.72153887835275,4.0,0
105,-1.16288251436856,NBEV,2019,-0.323879817112998,-19.26822307476373,205919500.0,-0.07122434970375949,2.9489531420060717,0.0,1.0905183042646638,3.0,0
106,-1.16288251436856,NBEV,2019,-130.377408287147,-0.02530108723568188,295542.0,-0.07402408111533587,0.0044544221378187724,0.0,1.1020342205323197,2.0,0
107,-1.16288251436856,NBEV,2019,240.18256975542545,-0.155209900990099,250819.2,-0.010330169079809506,0.004301699624401873,0.0,1.233841531626554,1.0,0
112,-0.11549084013701628,NBEV,2017,0.0702610219467891,-0.032816455361339585,116036557.74,-67.04695499293632,10.317738486297335,0.0,0.2831754792625553,4.0,0
113,-0.11549084013701628,NBEV,2017,-0.13383619393907542,-143.81750868945514,69016871.88,-0.008762101473618687,4.586026979712521,0.0,0.2637645934831117,3.0,0
114,-0.11549084013701628,NBEV,2017,-0.00016235877651536173,46180.77191918714,115298701996.74,0.04499481637668136,7633.251692375831,0.0,0.2442737299131668,2.0,0
115,-0.11549084013701628,NBEV,2017,-0.13451806870274455,-0.12721432306878874,89985560.28,-24.479700720523127,8.341418263091803,0.0,0.3942160194795507,1.0,0
116,0.19233215427233852,NBEV,2016,0.4467205460272124,19.12500493575087,77069600.64,0.8260028278291512,7.309156308260404,0.0,4.478158114922682,4.0,1
117,0.19233215427233852,NBEV,2016,-0.33138488005491845,18.6684174199598,35259170.660000004,0.2865967539286083,2.615275128074356,0.0,3.1738080641930653,3.0,1
118,0.19233215427233852,NBEV,2016,-0.010024847237733472,-0.0141197736204952,28205928.06,-322.17312544311284,41.072207909834866,0.0,3.2790370766518318,2.0,1
119,0.19233215427233852,NBEV,2016,-0.006101459536756824,-0.021453973195826138,6174260.4,-1276.3765384188935,10.486175951086958,0.0,4.70772812950438,1.0,1
120,-8.5,NBEV,2015,-0.01743292926679984,-5.358698532218588,3579691000.0,-1349.2199744704228,6.605936629205189,0.0,1.3606961657160401,4.0,0
121,-8.5,NBEV,2015,-5.903573987317426,-0.015438001845688902,5905236.4,-330.7139374111642,8.349727743316597,0.0,1.1742444416009297,3.0,0
122,-8.5,NBEV,2015,8.447973467542096e-06,25458.90219640526,4466077000.0,0.12192592685264535,3480.8176429051314,0.0,0.8190937101003846,2.0,0
123,-8.5,NBEV,2015,-0.008447973467542095,-0.030550682635686312,5359292.3999999985,-278.8285016284056,22.018547323530502,0.0,1.6288856428506715,1.0,0
124,-0.10090508039955949,NBEV,2014,-0.0010740664188528006,-0.004200607679585675,4211117.6000000015,-1840.9732806904785,17.24638004046295,0.0,1.3965990267193096,4.0,0
125,-0.10090508039955949,NBEV,2014,-0.051726708773740776,-0.256171232491685,5468487.3,-41.93711887848117,18.19360186577592,0.0,1.6508042842773625,3.0,0
126,0.5972183502152836,TRST,2019,0.12973804582391146,55.99093693823254,778665959.9999999,0.025837100121317517,20.36207107554718,0.4755878334651614,8.700425633108347,4.0,1
127,0.5972183502152836,TRST,2019,0.18932093983991735,56.483444384008706,830758500.0,0.027953314847300167,21.498292058070025,0.448259450639108,8.925572493694919,3.0,1
128,0.5972183502152836,TRST,2019,0.17733303025293434,53.77988682075408,788789600.0,0.028444815080581037,20.126804623510505,0.4495125110792936,9.138413203265907,2.0,1
129,0.5972183502152836,TRST,2019,0.12243653353179525,53.16334661354581,773952000.0,0.02901629999322328,19.479311386288128,0.4523286165682099,9.277329097221946,1.0,1
130,0.6367027615149474,TRST,2018,0.1853582715921455,46.889162976361256,751773950.0,0.03272902457994043,18.453421782567073,0.4114014844383459,9.122895619459,4.0,1
131,0.6367027615149474,TRST,2018,0.15983950732481106,48.2931331008619,734007330.0,0.031855851173085065,18.11335118327863,0.41667214948351866,9.239293005084695,3.0,1
132,0.6367027615149474,TRST,2018,0.204831900084024,56.632849724115545,872429050.0000001,0.032719858118369215,11.00024019669651,0.4105160662122688,9.493631256438304,2.0,1
133,0.6367027615149474,TRST,2018,0.1135719697362822,55.63331645056726,823818150.0000001,0.032045219942998984,7226.475,0.4265262020529443,9.672140264922731,1.0,1
134,0.4489080334196918,TRST,2017,0.13586374088293746,112.92585574572128,831360150.0,0.016063433324314653,21.18222966775377,0.8584623743547949,9.70897300505337,4.0,1
135,0.4489080334196918,TRST,2017,0.15040053335000053,68.97212210225469,868772850.0000001,0.027687897865156685,22.17445187472881,0.5003175611305176,9.705595171104,3.0,1
136,0.4489080334196918,TRST,2017,0.2076211123155174,64.27620915032679,786740799.9999999,0.027360148066683656,20.41308736151112,0.5139705882352941,9.99878399341926,2.0,1
137,0.4489080334196918,TRST,2017,0.1111922318755932,69.62985749520415,762238050.0,0.024953271028037384,20.38069652406417,0.5740385493742578,10.139145201732392,1.0,1
138,0.44585967262527737,TRST,2016,0.14162515175618534,73.88644193369143,797825800.0,0.02495574157703277,21.617194570135744,0.5823300611224301,10.252515681117485,4.0,1
139,0.44585967262527737,TRST,2016,0.13906750727855394,61.164165446559295,668402000.0,0.025086775265835342,18.229476899579996,0.573114934114202,10.048578079374117,3.0,1
140,0.44585967262527737,TRST,2016,0.11221260453125982,60.45044716223964,632674380.0,0.024324544176263462,17.429046280991734,0.5982228167399197,10.227761960652156,2.0,1
141,0.44585967262527737,TRST,2016,0.16064593928590154,58.72702949370737,611289650.0,0.02460611074995568,16.89485517660715,0.6006340666730714,10.260001181963242,1.0,1
142,0.4441289969822193,TRST,2015,0.15115190898289224,51.38177799607072,523066500.0,0.02463042268515158,14.424645634548565,0.6145383104125737,10.456272531513877,4.0,1
143,0.4441289969822193,TRST,2015,0.16774152823221214,55.78068293142427,592167730.0,0.0257487411834331,16.42628932038835,0.5876036171816127,10.462305841490982,3.0,1
144,0.4441289969822193,TRST,2015,0.12739731795120102,55.529275659550656,595662540.0,0.026653646706869517,16.698790053544897,0.5809639228115969,10.780919298611783,2.0,1
145,0.4441289969822193,TRST,2015,0.14578659673291414,59.10373215118992,633296490.0,0.026755660763691208,18.009284515853828,0.5808679421371908,10.837553311559244,1.0,1
146,0.4670182187090502,TRST,2014,0.11587479392991505,57.07861538461538,608458040.0,0.02709407183741524,17.0584552412459,0.5847091932457786,10.804574475656002,4.0,1
147,0.4670182187090502,TRST,2014,0.10373088555656608,63.370838155684154,678955160.0,0.027507978443439704,19.04609403052065,0.5798954638790368,10.764875336018918,3.0,1
148,0.4670182187090502,TRST,2014,0.2008123889312008,54.12121951219512,639063360.0,0.03066877566445118,18.01193235625705,0.5255758807588076,10.919289278135775,2.0,1
149,0.4670182187090502,TRST,2014,0.013573031804514465,56.70036508945599,624327720.0,0.029617057445417844,18.014996537396122,0.5629824720733811,11.315749410267928,1.0,1
150,0.42281223449447747,TRST,2013,0.1340271877655055,59.35384325900837,630872000.0,0.029377053892480368,18.277668327732066,0.5836861416878352,11.496654349069825,4.0,1
151,0.42281223449447747,TRST,2013,0.18134670974324094,62.596051502145926,641734720.0,0.02892874476562412,18.81754449755153,0.6030042918454935,11.583402936894025,3.0,1
152,0.42281223449447747,TRST,2013,0.21212830220785295,57.401093926047324,560406880.0,0.028004463274081168,16.708612999403698,0.6323875857830585,11.7450110864745,2.0,1
153,0.42281223449447747,TRST,2013,0.07394478619016198,54.93415357766144,503636320.00000006,0.025403933065291543,14.986945990180033,0.6723385689354275,11.224692356929694,1.0,1
154,0.40086294362030483,TRST,2012,0.13297662149028655,49.65241688761982,486891600.0,0.027330141193652138,14.499452054794519,0.6291046298184785,11.114373547232704,4.0,1
155,0.40086294362030483,TRST,2012,0.1851701436388509,54.20477801702041,528659200.00000006,0.027272193435994373,15.476878037355814,0.6303701425202501,11.074853824063174,3.0,1
156,0.40086294362030483,TRST,2012,0.15386672085387634,57.03414846679903,517071590.0,0.025909741731374336,15.268162463828027,0.6771453783366423,11.635926117511225,2.0,1
157,0.40086294362030483,TRST,2012,0.11992021073508093,52.22352181501852,465259355.85,0.025849712458580688,13.93659704798706,0.6881804916376698,11.692568606628251,1.0,1
158,-8.5,TRST,2011,-0.03634874665926721,53.010583171907285,461934221.7600001,0.025741767006581668,13.60190282264951,0.703006655955933,11.536021931016554,4.0,0
159,-8.5,TRST,2011,0.36768761688609103,42.05683298428185,387974284.28,0.02730825019981646,11.369209795750914,0.5503523035230352,11.412181403747669,3.0,0
160,-8.5,TRST,2011,0.12009753506409117,117.90864535678726,355258748.46,0.011202867458142621,-0.7065340579015511,3.362097577165616,14.134192727989321,2.0,0
161,-8.5,TRST,2011,0.12780926633566736,62.49999972907072,461374998.0,0.028560153517595718,79.67104092557419,0.6857220265510702,14.506089634467175,1.0,0
162,0.3810000012344395,TRST,2010,0.19745834107835825,67.43857622392818,465595930.25,0.027027873473222674,89.74478223785658,0.7339223638470452,14.482242405261507,4.0,1
163,0.3810000012344395,TRST,2010,0.16320060869176822,49.50864421273031,413793248.33,0.03200202166396728,75.22145943101253,0.5748983010289543,13.670549180422022,3.0,1
164,0.3810000012344395,TRST,2010,0.2242625382400885,62.76281464345873,447122291.52,0.02791656380173127,67.82801752427184,0.6733576642335767,14.004189052035944,2.0,1
165,0.3810000012344395,TRST,2010,0.04574621518202029,73.88888835616439,512419440.75,0.02767159581514496,74.41467335898926,0.6908435472242249,13.838371545539427,1.0,1
166,0.36800000230327173,TRST,2009,-0.010979800922206436,54.0530839424664,458478258.0,0.0345248658813569,78.85762951496388,0.565432680971469,13.978536946735158,4.0,1
167,0.36800000230327173,TRST,2009,0.1957141775232416,57.48565981160703,454654083.45,0.0323254369185999,88.23094963128275,0.6039954482235428,13.919719783543416,3.0,1
168,0.36800000230327173,TRST,2009,0.398569702502695,88.47855134758366,476014606.25,0.022592227098074617,120.51002689873418,1.558364312267658,14.053297499317615,2.0,1
169,0.36800000230327173,TRST,2009,1.2759436282400018,72.28915577256261,458963850.0,0.026728467565053024,109.32916865173893,1.3181603402110569,13.637845893481858,1.0,1
170,0.4500000039616164,TRST,2008,2.015472330446979,70.99043825381278,507368662.2,0.030280818899772906,73.76688895027623,1.1691618861060584,13.857866149205165,4.0,1
171,0.4500000039616164,TRST,2008,-0.22071206953826164,97.80230933805625,883546062.56,0.037467132275483365,141.29954622741084,0.9215187071064866,13.218233396096515,3.0,1
172,0.4500000039616164,TRST,2008,2.7862597421488715,78.55094200968237,665247927.88,0.03536057852895985,109.00342911355072,0.9808714133900106,13.57001553209967,2.0,1
173,0.4500000039616164,TRST,2008,0.5597353346769917,69.84,658381680.0,0.0387953562448301,99.7396879260718,1.2785615784448925,12.983028317688165,1.0,1
174,0.5250000006651127,TRST,2007,0.12693009365663732,87.73127346895076,737469084.7800001,0.03545818077513625,95.46525369320386,1.4349274327861052,13.247182243069501,4.0,1
175,-2.8711824128106467,YCBD,2019,-0.19585671987762351,2.2725534381411316,29383577.360000007,0.2328670384082769,2.8954369370203845,0.005161270164039357,0.8333732858609656,4.0,0
176,-2.8711824128106467,YCBD,2019,1.3206938440554885,5.508610512948583,65467324.02,0.3160448105711352,7.538120362461735,0.0,1.5135135149509689,3.0,0
177,-2.8711824128106467,YCBD,2019,-0.3325298021290697,-0.0022575452848833076,65926997.88,-1150.8490080567826,8.195455520505359,0.0,2.9766724458133083,2.0,0
178,-2.8711824128106467,YCBD,2019,-0.33557936841505376,-0.0018426826986211867,61451435.52,2270.185595682706,10.831594153085186,0.0,-7.45579271478453,1.0,0
179,0.0081153156466964,YCBD,2018,-0.12462259871719375,-0.0669965272898228,46243616.0,-41.10427646715426,37.02362313155008,0.0,4.7429234160785585,4.0,1
180,0.0081153156466964,YCBD,2018,-0.09735963580399667,-0.03226995611863413,28415503.48,-69.8455793018948,19.555804788145192,0.0,0.1911948926258943,3.0,1
181,0.0081153156466964,YCBD,2018,-0.17384785057318858,44.154826838295136,24958604.18,0.040916929769496437,7.8033947853774475,0.0,0.1922354166135828,2.0,1
182,0.0081153156466964,YCBD,2018,-0.2832266393186243,22.38621729603389,36778764.12000001,0.11603669961148767,11.937630154727016,0.0,0.11246869752314914,1.0,1
183,3.7621073077199183,CRON,2019,-0.5449141716479448,1.9776150416371627,2306899811.76,0.6666194254130133,97.13262365305263,0.0,0.19461815447089886,4.0,1
184,-0.12858143053938823,CRON,2018,,,,,,,,,0
185,0.016677758056406138,CRON,2017,,,,,,,,,1
186,-0.00796729509751941,CRON,2016,,,,,,,,,0
187,-0.024272027557995585,GWPH,2019,-0.07356962161580279,-1680.7940030465809,41929087200.0,-0.0343592724307677,384.40250100847123,0.0,0.21516209984656365,4.0,0
188,-0.024272027557995585,GWPH,2019,-0.06794492655257672,3106.05554341684,49470146640.0,0.022131437980699085,543.8012843653472,0.0,0.17813535652500154,3.0,0
189,-0.024272027557995585,GWPH,2019,-0.11523129868168383,762.7251191252444,60825802800.000015,0.1094098988601878,844.3571837085982,0.0,0.15624399773903405,2.0,0
190,-0.024272027557995585,GWPH,2019,-191.0860060082796,-1.2506937545941197,62614732.13,-0.07825813743006804,1.5954017410247918,0.0,0.17167894530340191,1.0,0
191,-8.5,GWPH,2018,-0.4560702829284654,-109.24571876332834,44056176480.0,-0.9713772313740036,-553.8940202919323,0.031755356133268534,0.18155935436784465,3.0,0
192,-0.8839029035503809,GWPH,2018,-0.4560702829284654,-109.24571876332834,44056176480.0,-0.9713772313740036,-553.8940202919323,0.031755356133268534,0.18155935436784465,3.0,0
193,-8.5,GWPH,2017,,,,,,,,,0
194,-8.5,GWPH,2016,,,,,,,,,0
195,-8.5,GWPH,2015,,,,,,,,,0
196,-8.5,GWPH,2014,,,,,,,,,0
197,-8.5,GWPH,2013,,,,,,,,,0
198,8.300900900900901,SMG,2019,5.241441441441441,-94.30215517241379,5469525000.0,-0.08070126617503827,10.989602169981918,-0.5586206896551724,3.214136635592041,3.0,1
199,8.300900900900901,SMG,2019,8.312274368231048,28.08453148239961,5664650000.0,0.2519990004997501,4.8403400837392105,0.15121467526028756,3.3320839580209896,2.0,1
200,8.300900900900901,SMG,2019,-5.7924187725631775,11.768832282471626,4666342000.0,0.6424173687621516,3.921625346667788,0.07868852459016394,5.410401814646792,1.0,1
201,1.1334519572953736,SMG,2018,-4.450271247739602,-48.587,3838373000.0,-0.3181635118807893,12.876125461254613,-0.3848101265822785,11.989126057188885,4.0,1
202,1.1334519572953736,SMG,2018,5.665480427046263,-25.955224489795924,3815418000.0,-0.4145516074450085,8.79331182300069,-0.20680272108843534,7.613931190073322,3.0,1
203,1.1334519572953736,SMG,2018,8.350442477876106,52.728795180722884,4376490000.0,0.15767477203647418,4.40025135732958,0.3530120481927711,5.7703267477203655,2.0,1
204,1.1334519572953736,SMG,2018,-5.017543859649122,31.995030221625253,4764060000.0,0.3033822330888345,4.701065719360568,0.20013431833445267,6.285044824775876,1.0,1
205,3.675084175084175,SMG,2017,-3.9913194444444446,-293.952,6172992000.0,-0.041766109785202864,27.869038374717828,-1.4523809523809523,4.789180588703261,4.0,1
206,3.675084175084175,SMG,2017,4.107744107744108,-172.62688235294118,5869314000.0,-0.052404438964241684,51.53041264266901,-0.9088235294117648,3.233970406905056,3.0,1
207,3.675084175084175,SMG,2017,9.564489112227808,37.70133552631579,5730603000.0,0.208105147864184,5.3164514333426105,0.19407894736842105,3.5831051478641838,3.0,1
208,3.675084175084175,SMG,2017,-8.843333333333334,58.37675350701403,5826000000.0,0.1470025040506702,4.017099910363373,0.6002004008016032,4.653851819119163,2.0,1
209,5.160392798690671,SMG,2016,-3.757920925088959,-83.12721012924962,5428206821.440001,-0.11262504311831666,26.172646197878493,-0.4594180704441042,4.1738530527768205,4.0,1
210,5.160392798690671,SMG,2016,3.9885433715220953,-199.75174074074073,5393297000.0,-0.037751677852348994,13.406157096694008,-1.1185185185185185,2.9272930648769573,3.0,1
211,5.160392798690671,SMG,2016,9.585644371941273,21.370061061531235,4549686000.0,0.2619018329437815,4.576688461925361,0.1348050728041334,3.009964325255259,3.0,1
212,5.160392798690671,SMG,2016,-4.8452768729641695,21.138183547313364,4445360000.0,0.3113710393840687,3.723082077051927,0.1369472182596291,4.456914421083802,2.0,1
213,5.160392798690671,SMG,2016,-5.767479674796747,-52.032037037037036,4214595000.0,-0.15764889061891788,17.153418803418802,-0.3567901234567901,4.308291163876995,1.0,1
214,2.6153846153846154,SMG,2015,-1.6006546644844517,-161.69503999999998,4042376000.0,-0.04027710649266957,8.365844370860929,-1.156,3.0715321411309815,3.0,1
215,2.6153846153846154,SMG,2015,10.814754098360655,27.02473763118441,3605100000.0,0.19617647058823529,2.9676489957194603,0.20689655172413796,3.438382352941177,2.0,1
216,2.6153846153846154,SMG,2015,-6.489326765188833,32.21443820224719,4013919000.0,0.2240604207876281,3.641403429193504,0.21990369181380415,4.41233591080741,1.0,1
217,2.7029220779220777,SMG,2014,-4.629934210526316,-53.445698630136995,3901536000.0,-0.16338406445837064,18.04595744680851,-0.3753424657534247,4.069829901521934,4.0,1
218,2.7029220779220777,SMG,2014,3.043831168831169,-240.69173333333333,3610376000.0,-0.02709048221058335,7.947118644067796,-9.966666666666667,2.717355968936247,3.0,1
219,2.7029220779220777,SMG,2014,10.26580226904376,27.453204601479047,3341055000.0,0.16114936440677965,2.992704227875313,0.22021364009860311,2.3188559322033897,2.0,1
220,2.7029220779220777,SMG,2014,-7.161290322580645,29.795541401273884,3742320000.0,0.18588130827290214,3.4838205175944887,0.21656050955414013,3.5452123723545954,1.0,1
221,2.6110210696920584,SMG,2013,-3.600644122383253,-56.83583076923079,3694329000.0,-0.10461934653146628,18.810229124236255,-0.42,2.4756156446161275,4.0,1
222,2.6110210696920584,SMG,2013,2.9416531604538085,-189.9710526315789,3609450000.0,-0.026741731175228708,8.147742663656885,-1.4263157894736842,1.726530612244898,3.0,1
223,2.6110210696920584,SMG,2013,11.025931928687196,20.812300944669367,3084383000.0,0.19978430843893236,2.6865107569027087,0.13562753036437247,2.1845510919385283,2.0,1
224,2.6110210696920584,SMG,2013,-6.28130081300813,27.85335,2785335000.0,0.16477179106936893,2.7317918791683016,0.207,3.773274015488549,1.0,1
225,1.7459016393442623,SMG,2012,-3.1530944625407167,-40.94263636363636,2702214000.0,-0.12845465161541456,13.130291545189507,-0.3015151515151515,3.1418840015570266,4.0,1
226,1.7459016393442623,SMG,2012,0.12950819672131147,-63.882250000000006,2555290000.0,-0.06645622196378136,6.738633966244726,-0.4975,2.446419671041701,3.0,1
227,1.7459016393442623,SMG,2012,11.839344262295082,25.80568060021436,2407670000.0,0.1384272997032641,2.266682357371493,0.19614147909967847,2.537240356083086,2.0,1
228,1.7459016393442623,SMG,2012,-7.072607260726072,24.964150943396223,3175440000.0,0.21570289977954893,2.7059565402641668,0.14386792452830188,4.205528234695608,1.0,1
229,2.5950540958268933,SMG,2011,-3.571428571428572,-39.77687671232877,2903712000.0,-0.15725980180956484,13.748636363636365,-0.2589041095890411,3.6624299870745367,4.0,1
230,2.5950540958268933,SMG,2011,1.7959814528593507,19.355760479041923,3232412000.0,0.29832082886745265,7.7478715244487075,0.11077844311377244,2.6659521257592003,3.0,1
231,2.5950540958268933,SMG,2011,-1.0182926829268293,14.922295526434706,3302304000.0,0.2880385266172068,1.3654347736200123,0.22322638951649346,2.2893401015228427,3.0,1
232,-8.5,SMG,2010,-0.00709090909090909,18.30375,3221460000.0,0.12634601579325194,2.600048426150121,0.045454545454545456,0.4005743000717875,3.0,0
233,-8.5,SMG,2010,-6.863636363636362,27.753846153846155,3247200000.0,0.07321652065081352,2.278736842105263,0.06837606837606837,0.5782227784730913,2.0,0
234,2.360000017275817,SMG,2009,10.118692884528992,-175.56101566399997,2633415234.96,-0.025684931506849317,4.517007264082332,3.8666666666666663,2.7996575342465757,3.0,1
235,2.360000017275817,SMG,2009,9.59375,17.439999999999998,2581120000.0,0.24584717607973425,2.0165,0.054054054054054064,3.5,2.0,1
236,2.360000017275817,SMG,2009,-7.15625,31.285194805194806,2408960000.0,0.16997792494481234,2.509333333333333,0.11688311688311688,5.549668874172187,1.0,1
237,-0.17000000119,SMG,2008,-2.796875,-37.95087719298245,2163200000.0,-0.15489130434782608,6.8025157232704405,-0.14035087719298245,5.146739130434782,4.0,0
238,-0.17000000119,SMG,2008,9.894000069258,-44.99108702909091,1484705871.9599998,-0.07568807339449543,2.729238735220588,1.6969696969696968,3.942660550458716,3.0,0
239,-0.17000000119,SMG,2008,8.46875,57.39636363636364,1262720000.0,0.04408817635270541,1.0783262169086252,0.3636363636363637,4.476953907815632,2.0,0
240,-0.17000000119,SMG,2008,-6.015625,37.4680701754386,2135680000.0,0.1223175965665236,2.229311064718163,0.14035087719298245,5.802575107296138,1.0,0
241,1.7400000197097347,SMG,2007,-3.046875,-39.02857142857143,2185600000.0,-0.1342925659472422,7.096103896103896,-0.14285714285714285,4.774580335731415,4.0,1
242,1.7400000197097347,SMG,2007,9.023362934069953,-73.076579632,2923063185.28,-0.08350730688935283,5.74275674907662,26.975,3.751565762004176,3.0,1
243,1.7400000197097347,SMG,2007,8.83076923076923,20.774806201550387,2679950000.0,0.2549407114624506,2.4407559198542796,0.062015503875968984,4.173913043478262,2.0,1
244,1.7400000197097347,SMG,2007,-4.9848484848484835,35.759277108433736,2968020000.0,0.2219251336898396,2.9889425981873115,6.265060240963856,7.133689839572193,1.0,1
245,1.9701492537313432,SMG,2006,-3.2835820895522385,-60.1977966101695,3551670000.0,-0.047542304593070114,13.105793357933582,-0.13559322033898305,0.16116035455278002,4.0,1
246,1.9701492537313432,SMG,2006,8.238805970149254,19.762481203007518,2628410000.0,0.09925373134328358,2.508024809160305,0.06766917293233082,0.15,3.0,1
247,1.9701492537313432,SMG,2006,-5.0149253731343295,31.20489361702128,2933260000.0,0.07636068237205522,3.2304625550660795,0.0851063829787234,0.16328188464662874,2.0,1
248,3.0303030303030303,SMG,2005,-3.647058823529412,-64.78307692307692,3368720000.0,-0.04421768707482993,13.528995983935745,-0.15384615384615385,0.17006802721088435,4.0,1
249,3.0303030303030303,SMG,2005,14.393939393939394,14.397640449438205,1281390000.0,0.04204062352385452,1.4065751920965972,0.0,0.5196032120925839,3.0,1
250,3.0303030303030303,SMG,2005,-15.636363636363635,60.01049999999999,1200210000.0,0.009363295880149813,1.1641222114451988,0.0,0.5702247191011236,2.0,1
251,1.1388888888888888,TAP,2019,2.8194444444444446,73.20578313253013,12152160000.0,0.01237144134744373,4.888238133547868,-1.8072289156626504,0.6014309136980176,4.0,1
252,1.1388888888888888,TAP,2019,1.4469067405355494,-28.771428571428572,11479800000.0,-0.030313620616300982,3.2818181818181817,-0.30952380952380953,1.184373670455236,3.0,1
253,1.1388888888888888,TAP,2019,3.758079409048938,37.42826958105647,12328872000.0,0.02369886469919565,3.4057657458563533,0.26927747419550696,1.1627983941752882,2.0,1
254,1.1388888888888888,TAP,2019,-1.369515011547344,91.79085204755613,13897135000.0,0.011093769463556894,4.963085246955465,0.5858652575957728,1.185311380273021,1.0,1
255,5.168981481481482,TAP,2018,1.7555555555555555,185.6747368421053,14111280000.0,0.005626545449161201,4.665811400608384,1.1657894736842105,1.2291336600678149,4.0,1
256,5.168981481481482,TAP,2018,1.6382584529874942,37.149095477386936,12567539000.0,0.024401151174616456,3.4668116741607133,0.2618977239136861,1.197784205249529,3.0,1
257,5.168981481481482,TAP,2018,3.8897637795275593,33.99114124027352,14415643000.0,0.031237570525757555,3.3086167087445486,0.20867719877387408,1.2509980407465786,2.0,1
258,5.168981481481482,TAP,2018,0.4953660797034291,55.28080546565982,15373591999.999996,0.02068288474553581,6.593863178211452,0.3182308522114347,1.2448850578986903,1.0,1
259,6.5654596100278555,TAP,2017,2.726555246053853,29.49736220472441,17981592000.0,0.04609068432871368,6.970690029461932,0.1451771653543307,1.2869099734615643,4.0,1
260,6.5654596100278555,TAP,2017,0.9976787372330548,60.73510714285714,17005830000.0,0.02242116558030781,5.898248473917871,0.31535714285714284,1.4565349690107459,3.0,1
261,6.5654596100278555,TAP,2017,3.5429633070134696,59.34235385091246,19185383000.0,0.02672806488148877,6.206250768285187,0.2731209403031241,1.4899842095255418,2.0,1
262,6.5654596100278555,TAP,2017,-1.3874418604651162,102.41604570293094,20616350000.0,0.01735599182638835,8.419304120553763,0.43864878291107795,1.5471750170283576,1.0,1
263,9.320283018867924,TAP,2016,1.6216981132075472,14.070939933259178,20239640000.0,0.1259688055557988,5.051827076677316,0.06138765294771969,1.5696007426414569,4.0,1
264,9.320283018867924,TAP,2016,1.4140217906205592,106.869375,22057839000.0,0.02080750037804325,23.277584423807514,0.4268410852713178,1.2376934321286357,3.0,1
265,9.320283018867924,TAP,2016,1.4689292543021033,124.0387231572838,21371872000.0,0.01748830222384621,21.670930845670252,0.5118978525827046,0.5551901586431595,2.0,1
266,9.320283018867924,TAP,2016,-0.8079567779960707,122.60874055415616,19470268000.0,0.016042348567503133,29.626092513694463,0.5560453400503779,0.5365801915383683,1.0,1
267,1.9400971397733406,TAP,2015,0.9077172153264976,511.1568292682927,16765944000.0,0.004657106346727247,6.973316141912407,2.2957317073170733,0.7430498367173081,4.0,1
268,1.9400971397733406,TAP,2015,1.0506738544474394,984.4909638554216,16342549999.999996,0.002289560431982125,16.063052879889913,4.566265060240964,0.7441071403941906,3.0,1
269,1.9400971397733406,TAP,2015,1.8008611410118407,56.851554585152826,13019005999.999998,0.030103455981911637,12.945218255941136,0.3323144104803493,0.7611441942395921,2.0,1
270,1.9400971397733406,TAP,2015,-1.4870828848223896,168.41131935881629,13658158000.0,0.011169106609191444,19.51165428571429,0.939580764488286,0.7837104570932779,1.0,1
271,2.7798810167658194,TAP,2014,0.813953488372093,149.19720510095644,14039457000.000002,0.011966985871071941,5.095991651542651,0.7279489904357067,0.7799524372718833,4.0,1
272,2.7798810167658194,TAP,2014,2.2360584731997832,-408.1310303030304,13468324000.0,-0.003929507025482257,11.531099315068493,-2.0727272727272728,0.7663015003572279,3.0,1
273,2.7798810167658194,TAP,2014,1.9794037940379403,43.825885183912,12748949999.999998,0.03245927248382058,10.726924694993688,0.23547610862839466,0.7711448337424682,2.0,1
274,2.7798810167658194,TAP,2014,0.4579489962018448,67.64058139534886,11052471000.0,0.018998011835970656,13.544694852941177,0.4173806609547124,0.7865339673755072,1.0,1
275,3.1,TAP,2013,0.34153005464480873,74.8838783269962,9847230000.0,0.015221845373832315,3.4895744002267977,0.4479087452471483,0.8034819247820904,4.0,1
276,3.1,TAP,2013,2.0279146141215105,81.81,9964458000.0,0.014691337177043882,8.507904713114753,0.4835796387520526,0.9024919788676332,3.0,1
277,3.1,TAP,2013,2.145913329676357,32.655535201149426,9091301000.0,0.034867555889535974,7.717573005093378,0.21048850574712644,1.018523389066316,2.0,1
278,3.1,TAP,2013,0.27572922399559713,262.9035674157303,9359367000.0,0.004581076038141318,11.296761617380808,1.6348314606741574,1.0515371054290898,1.0,1
279,2.450221238938053,TAP,2012,0.3584070796460177,136.02186666666665,8161312000.0,0.007531160175224994,2.9909158207204896,0.97,1.0349445832130442,4.0,1
280,2.450221238938053,TAP,2012,2.1062534587714445,39.58277217741935,7853222000.0,0.02412099401838253,6.568985361773317,0.2928427419354839,1.0019573992121773,3.0,1
281,2.450221238938053,TAP,2012,1.6578073089700998,73.18509990485252,7691754000.000002,0.013455727966405491,7.696371823093856,0.5528068506184586,1.0787499359860706,2.0,1
282,2.450221238938053,TAP,2012,0.0920687742651137,94.30030188679243,7496874000.0,0.010182777656808372,10.843034422910037,0.7270440251572327,0.5928938301333367,1.0,1
283,3.6576527852893457,TAP,2011,0.8415359653866955,45.41366050808314,7865646000.0,0.0226467396278717,8.391812653366049,0.3348729792147806,0.624472077302266,4.0,1
284,3.6576527852893457,TAP,2011,1.4911433172302735,39.44954407294832,7787339999.999998,0.02499683424085096,8.159409052808046,0.2938196555217832,0.5740027858680512,3.0,1
285,3.6576527852893457,TAP,2011,1.0085561497326203,38.600224416517065,8600130000.0,0.027358235713057788,9.211793059125963,0.26929982046678635,0.6090891230138265,2.0,1
286,3.6576527852893457,TAP,2011,0.057249866238630286,108.19458383594693,8969331000.0,0.010350338352435888,12.991499130938585,0.6284680337756333,0.6067745399155992,1.0,1
287,3.8068854222700375,TAP,2010,-0.4109736417428725,82.06350637522769,9010573000.0,0.014079089090629328,10.789813196024427,0.4772313296903461,0.6281479201928502,4.0,1
288,3.8068854222700375,TAP,2010,1.637049003769521,35.174959000390466,9008307000.0,0.033672999802774314,10.295208,0.1995314330339711,0.5960423377818684,3.0,1
289,3.8068854222700375,TAP,2010,1.5150862068965518,36.36883642495784,8626688000.0,0.032466021543641616,9.766430431337028,0.2230185497470489,0.6571631924008705,2.0,1
290,3.8068854222700375,TAP,2010,0.33962264150943394,78.04832695984703,8163855000.0,0.014626506697989206,12.35076399394856,0.4273422562141491,0.6752663814078362,1.0,1
291,3.9293478260869565,TAP,2009,0.8586956521739131,35.314798206278034,7875199999.999998,0.031501624523237744,9.592204628501824,-0.5605381165919282,0.6961435230964825,4.0,1
292,3.9293478260869565,TAP,2009,1.7065217391304348,39.33389830508475,9282800000.0,0.03362781419207751,10.869789227166278,0.1864406779661017,0.6350812197207182,3.0,1
293,3.9293478260869565,TAP,2009,1.891304347826087,43.50425531914893,8178800000.000002,0.0281437125748503,10.249122807017544,0.2393617021276596,0.6513473053892216,2.0,1
294,3.9293478260869565,TAP,2009,0.02185792349726776,87.76776315789472,6670350000.000001,0.012518530719815516,11.932647584973168,0.4736842105263158,0.6297150387086147,1.0,1
295,2.131868131868132,TAP,2008,0.08791208791208792,78.1661855670103,7582119999.999998,0.016220735785953178,10.259972936400539,-1.0515463917525774,0.7401337792642141,4.0,1
296,2.131868131868132,TAP,2008,1.2912087912087913,40.86057803468209,7068880000.000002,0.02423308586636784,7.675222584147668,0.2138728323699422,0.7243311388149599,3.0,1
297,2.131868131868132,TAP,2008,1.580110497237569,123.9738271604938,10041880000.0,0.011325503355704696,5.712104664391354,0.4567901234567901,0.8348713646532439,2.0,1
298,2.131868131868132,TAP,2008,-0.6961325966850829,264.60243243243247,9790290000.0,0.005243021113787729,7.219977876106196,0.7567567567567568,0.8068584384299278,1.0,1
299,2.88000000185361,TAP,2007,1.6649181815732632,21.4533178874269,7777256800.549998,0.05070641681228513,1.7262906022373334,-0.23696899481407924,0.8753786161646495,4.0,1
300,2.88000000185361,TAP,2007,1.5627445297782931,-201.93497047185383,10155511600.0,-0.007257776699579767,6.805407060781857,-0.5721103179495337,0.8898702992254437,3.0,1
301,2.88000000185361,TAP,2007,2.5080219368464083,21.17459908197856,3916517370.0,0.028548853927811587,20.27844157256248,0.15513913593529516,1.0078063549804717,3.0,1
302,2.88000000185361,TAP,2007,-1.9605659070522647,942.6614635806673,4154309070.0,0.0007442619883262161,3.381305449812837,6.453142727479012,0.9574529385597964,2.0,1
303,4.193987198401543,TAP,2006,1.7018226595262709,35.058740919120986,3479474860.0,0.017060499649669027,2.2722507558986216,-0.8313601418682679,0.98657792302895,4.0,1
304,4.193987198401543,TAP,2006,7.9916446533927585,11.23302898572869,2940627260.0,0.044583679979290664,0.6816956831672151,-0.10485743972129696,0.9991009486958308,3.0,1
305,1.6994823873153406,TAP,2005,-2.627016611463043,18.60566501659948,2510722860.0,0.025342943108525768,0.4559225924684388,0.2038771638605644,1.2002020013457992,4.0,1
306,1.6994823873153406,TAP,2005,-0.4765949355053402,64.60372625827051,1962596600.0,0.005938242976740986,4.830555172685386,0.9095098587840283,1.3070569486082688,2.0,1
307,1.6994823873153406,TAP,2005,-1.5101892054638228,-47.186160448482504,2440940080.0,-0.010050366460491357,2.2938040210685573,-0.5276048714479026,1.2821881782977365,1.0,1
308,5.294437417583897,TAP,2004,-8.189698323420973,8.715665328390036,1361134170.0,0.0975357957888189,0.35228546803926264,0.049253702672071,0.04249715519814935,4.0,1
309,5.294437417583897,TAP,2004,4.030409041980624,30.99033156662147,1257122800.0,0.02681664330856493,2.843583787048368,0.18895599654874887,1.9381091837004525,3.0,1
310,5.294437417583897,TAP,2004,3.26353606027987,19.00139294005595,1276817600.0,0.047141391904387084,5.62021630139579,0.11336984344306207,2.1585195599313605,2.0,1
311,5.294437417583897,TAP,2004,0.9076478289330132,252.330132231405,1221277840.0,0.003556169476456909,1.3224291210391648,1.56198347107438,2.2797992674584777,1.0,1
312,4.806456051516319,TAP,2003,5.564973306180859,28.290081206175,1020734420.0,0.028469057327896383,0.9979102175052208,0.20678473434771766,0.0332142947317923,4.0,1
313,4.806456051516319,TAP,2003,4.966662078458362,16.315145373445333,1002206750.0,0.05346874896636486,0.9556439539859868,0.12141043172494627,2.731892888416149,3.0,1
314,4.806456051516319,TAP,2003,1.040951853901494,1181.0516129032258,951927600.0,0.0008068601128803305,1.149475270515528,9.24317617866005,3.0983448355947436,1.0,1
315,4.472966242390703,TAP,2002,1.808052019922524,9.685798981170784,1114196200.0,0.11716034306631047,0.4015520822971942,0.06475476815550185,3.3768463850421298,4.0,1
316,-0.6918138041733547,MO,2019,1.325307651150348,-49.45534729878721,89712000000.0,-0.2915461266473803,14.934576327617778,-0.8660418963616318,6.9188363870138225,4.0,0
317,-0.6918138041733547,MO,2019,1.4970603955104222,-33.048101460415076,85991160000.0,-0.2467520151730678,12.542467911318553,-0.57532667179093,4.01782835467046,3.0,0
318,-0.6918138041733547,MO,2019,0.03311965811965812,45.486973947895784,90792000000.0,0.13799778761061948,13.716875660975976,0.751002004008016,2.9754563053097347,2.0,0
319,-0.6918138041733547,MO,2019,1.2011739594450372,90.90573214285715,101814420000.0,0.0795511044818524,18.090692963752662,1.3410714285714285,3.2071880105121098,1.0,0
320,3.6899841017488075,MO,2018,0.9109697933227344,72.15888000000001,90198600000.0,0.08453371204436329,14.752796859666338,1.2048,2.7626293365794283,4.0,1
321,3.6899841017488075,MO,2018,1.4045478582760444,64.10713844570252,124560170000.00003,0.1254033819543049,18.21854175808103,0.6814204837879567,1.8367755260100684,3.0,1
322,3.6899841017488075,MO,2018,0.529287598944591,59.0419776119403,110762750000.0,0.11876424411243353,17.56744647105472,0.7078891257995735,1.7334135224107368,2.0,1
323,3.6899841017488075,MO,2018,1.4612954186413902,56.25812565997889,106552890000.0,0.1230349486813044,17.44480844793713,0.6636747624076029,1.8516954657658828,1.0,1
324,5.321186881832379,MO,2017,0.3690786048932848,27.0085018123238,134124219999.99997,0.3229498601807895,21.983973119160794,0.2543294401933145,1.8095207127528128,4.0,1
325,5.321186881832379,MO,2017,1.1193565127140632,66.14381028938907,123424350000.0,0.15337826730231793,18.34215336602764,0.6296891747052519,2.6297879335854017,3.0,1
326,5.321186881832379,MO,2017,-0.4009311950336265,65.0553142282554,129395020000.0,0.16017071992269286,19.419933963680023,0.5942684766214178,2.521178933805766,2.0,1
327,5.321186881832379,MO,2017,1.3574007220216606,99.3443397573162,139181420000.0,0.11427406199021208,22.880391254315306,0.8472519628836546,2.7663132137030995,1.0,1
328,7.294569672131147,MO,2016,0.11782786885245902,13.543947061113277,139177600000.0,0.8046985121378231,22.261292386436338,0.11590112884390813,2.5968676585747845,4.0,1
329,7.294569672131147,MO,2016,1.2236438075742069,117.7763220494053,128729519999.99997,0.3712635869565217,18.64294279507603,1.011893870082342,10.186820652173912,3.0,1
330,7.294569672131147,MO,2016,-0.8603580562659846,80.06866303690259,132353500000.0,0.5264331210191083,20.296503603741762,0.6696914700544465,8.975796178343947,2.0,1
331,7.294569672131147,MO,2016,1.3614519427402862,100.78944946589978,122660760000.0,0.44335154826958106,20.22102868447082,0.9104354971240756,11.409107468123862,1.0,1
332,2.6726160122386537,MO,2015,0.8429372768995409,96.1000080192462,119836710000.0,0.4329861111111111,18.967507122507122,0.888532477947073,10.296875,4.0,1
333,2.6726160122386537,MO,2015,1.4169215086646278,77.64537958115184,118642140000.0,0.5292691375129892,17.710425436632335,0.6681937172774869,10.083824038794596,3.0,1
334,2.6726160122386537,MO,2015,-0.6629327902240326,73.51436464088398,106448800000.0,0.5210507376754228,16.096900045365192,0.7071823204419889,10.467794170564954,2.0,1
335,2.6726160122386537,MO,2015,1.2461851475076298,96.6584479371316,98398300000.0,0.4018949861823925,16.953532046864233,1.0078585461689586,12.506514015001974,1.0,1
336,2.56319514661274,MO,2014,0.7866531850353893,84.97718446601942,105031800000.0,0.4100862641008626,16.78360498561841,0.8317152103559871,10.43828798938288,4.0,1
337,2.56319514661274,MO,2014,1.13326602725896,67.35683607730851,94097500000.0,0.3253376804843968,14.496610691727009,0.6814602720114531,6.937121564974383,3.0,1
338,2.56319514661274,MO,2014,-0.7054967221381745,64.61248811410461,81540960000.0,0.2871444823663254,13.034040920716109,0.7567353407290016,6.5726962457337885,2.0,1
339,2.56319514661274,MO,2014,1.056394763343404,67.79443404255318,79658460000.0,0.28554070473876064,14.438727569331157,0.8144680851063829,7.604131227217497,1.0,1
340,2.2686343171585794,MO,2013,0.6793396698349174,144.80461065573772,70664650000.0,0.1184753580966254,11.622475328947367,1.9672131147540983,7.462976450594804,4.0,1
341,2.2686343171585794,MO,2013,1.1779110444777612,53.12110315186247,74157060000.0,0.3506656618939965,11.316505417366093,0.6325214899713467,8.03039437327305,3.0,1
342,2.2686343171585794,MO,2013,-0.6235646530204693,56.261200631911535,71226680000.0,0.3551192145862553,11.296856463124506,0.6974723538704581,8.660589060308556,2.0,1
343,2.2686343171585794,MO,2013,0.8876684972541188,52.80110469314079,73129530000.0,0.3880638834407397,13.22893089725036,0.6397111913357401,9.088540207340992,1.0,1
344,2.0652173913043477,MO,2012,0.857707509881423,61.83934723481415,68208800000.000015,0.34816919191919193,10.927395065684076,0.8087035358114234,10.151830808080806,4.0,1
345,2.0652173913043477,MO,2012,1.0685404339250493,98.03543378995434,64409280000.0,0.16994309363683394,10.318692726690164,1.269406392694064,8.063114330056907,3.0,1
346,2.0652173913043477,MO,2012,-0.958128078817734,50.728956461644785,73404800000.0,0.3386379592791949,11.31567750886388,0.5777470628887353,7.084952024338873,2.0,1
347,2.0652173913043477,MO,2012,0.8952802359882006,67.33313463514902,65515140000.0,0.2629019184004323,11.601760226669027,0.8612538540596094,9.21750878141043,1.0,1
348,1.6424418604651163,MO,2011,0.4937015503875969,70.09205741626796,58596960000.0,0.22717391304347825,9.560606950562898,1.0083732057416268,9.044021739130434,4.0,1
349,1.6424418604651163,MO,2011,0.9898599710284888,48.65878942881501,57076760000.0,0.2654446707399864,9.344590700720364,0.6734867860187553,7.418420457116995,3.0,1
350,1.6424418604651163,MO,2011,-0.7740384615384616,123.20720720720722,54704000000.0,0.09583423267860997,9.24054054054054,1.7905405405405406,6.949924454996762,2.0,1
351,1.6424418604651163,MO,2011,0.9832053742802304,59.695368196371405,55934560000.0,0.1718320190720704,9.912202729044834,0.847385272145144,6.075738125802312,1.0,1
352,1.8801155512758787,MO,2010,0.4780934039480019,53.76695321001088,49411830000.0,0.17700308166409862,8.33673527923064,0.8628944504896626,6.203775038520801,4.0,1
353,1.8801155512758787,MO,2010,0.6666666666666666,46.659522546419105,52771920000.0,0.2196116504854369,8.243036551077786,0.6454465075154731,6.205825242718447,3.0,1
354,1.8801155512758787,MO,2010,-858313.2530120481,4.412859884836852e-05,45982.0,0.23047998230479985,7.328976729359261e-06,0.6996161228406911,6.795841627958416,2.0,1
355,0.0,MO,2009,-0.06526994360439484,42.46883975128118,37457516660.63,0.2370330556302069,5.945637565179364,-0.20521541950113376,7.427304488040849,3.0,0
356,0.0,MO,2009,-0.9182250004074624,36.33794492716122,36737662321.36,0.3024229733772061,5.467727685869922,0.0,8.172898594077179,2.0,0
357,0.0,MO,2009,0.9712054332010066,58.321428555585726,34351321419.24,0.21202303815694745,7.594809069033826,0.0,10.996400287976963,1.0,0
358,1.4900000002555664,MO,2008,0.4691812298539372,50.51704538972018,34301073819.62,0.2400990099009901,7.370235027851311,-0.36671575846833576,6.768387553041017,4.0,1
359,1.4900000002555664,MO,2008,1.293272501573319,45.93202877623991,39823068949.0,0.20751555768310195,7.6027241216113035,0.0,2.6462422211584493,3.0,1
360,1.4900000002555664,MO,2008,-1.1411528500070045,48.68468467333334,45276756746.2,0.2364006100660905,8.958598485595568,0.0,2.902135231316726,2.0,1
361,1.4900000002555664,MO,2008,0.9139250815671878,68.96551723127035,42344827580.0,0.1304163126593033,9.602001718820862,0.0,3.3135089209855564,1.0,1
362,4.360000001758853,MO,2007,0.992285970817148,72.96335402376512,156579357735.0,0.11566239085911395,8.589574729003237,0.0,1.781502640939959,4.0,1
363,4.360000001758853,MO,2007,1.5507701387297366,57.64235989188981,148544361441.40002,0.14948662915482336,7.7338658531472895,0.0,1.656070537734207,3.0,1
364,4.360000001758853,MO,2007,2.7706760295629485,63.09000209934783,133498444442.22,0.13070603496201125,7.097583308108884,0.0,1.6446352461547964,2.0,1
365,4.360000001758853,MO,2007,-0.3221342926663728,68.23762374110312,142275445500.2,0.14369400413507927,8.104092361597175,0.0,1.6115782219159198,1.0,1
366,5.760000002420287,MO,2006,1.1543635622413082,62.41544135676442,185186614505.52,0.07488831116383553,7.291385719565321,0.0,1.4627577677377015,4.0,1
367,5.760000002420287,MO,2006,1.8959839450282965,59.3866488590349,173527787966.1,0.07093954843408594,6.7037971012594175,0.0,1.4511531925224566,3.0,1
368,5.760000002420287,MO,2006,3.6832528604615566,62.223329425285556,171051932590.11,0.0692600337608022,6.637895633905468,0.0,1.5105439520294273,2.0,1
369,5.760000002420287,MO,2006,-0.3253369045501001,43.80838321685932,155388335270.19998,0.09298972315436242,6.380141049895299,0.0,1.5404257550335567,1.0,1
370,5.150000001261671,MO,2005,1.478298049728898,66.25680873862143,155239702874.59,0.06561738594673314,6.338901709864843,0.0,1.795614305318285,4.0,1
371,5.150000001261671,MO,2005,1.380746990803521,53.98697490542426,157156083949.69,0.08436213991769548,6.295812993738082,0.0,1.8433895554396336,3.0,1
372,5.150000001261671,MO,2005,2.653305770849727,47.32579335102399,140037022525.68,0.0886246555648736,5.65029948860878,0.0,1.9960165328860668,2.0,1
373,5.150000001261671,MO,2005,-0.2318548387096774,51.992,135387167999.99997,0.08034805146718504,5.732372258446946,0.0,1.8994415131599247,1.0,1
374,4.600000000777684,MO,2004,1.0143913780244111,65.30744872566551,130027130412.8,0.06482385882659374,5.900936256537326,0.0,2.0387445464608973,4.0,1
375,4.600000000777684,MO,2004,2.1671417104465602,38.530823774601934,99216871219.6,0.08853969673004848,4.365402640777895,0.0,2.162397276759619,3.0,1
376,4.600000000777684,MO,2004,1.9644181306189636,37.19509392048193,98790169452.8,0.09562556255625562,4.293731287065369,0.0,2.226858685868587,2.0,1
377,4.600000000777684,MO,2004,0.1379259590181161,51.757009325941134,116039214908.76,0.08353204172876304,5.313394153063785,0.0,2.255141579731744,1.0,1
378,4.540000001691456,MO,2003,0.90525965274647,54.120210193454454,117657336960.57,0.08669298560433862,5.686401670318979,0.0,2.503409498743869,4.0,1
379,4.540000001691456,MO,2003,2.241490249070346,38.448125187753995,98773233607.34,0.11253230540102503,4.7171896273623375,0.0,2.7797976258267987,3.0,1
380,4.540000001691456,MO,2003,0.927274969311064,33.53040889238021,85368421040.0,0.11448871301376025,4.098143201958619,0.0,2.855967263243097,2.0,1
381,4.540000001691456,MO,2003,1.0115689655870048,28.48148147951724,66077037032.48,0.025806451612903226,3.4111319514986325,0.0,0.6883426028921024,1.0,1
382,-8.5,BUD,2019,,,,,,,,,0
383,-8.5,BUD,2018,,,,,,,,,0
384,-8.5,BUD,2017,,,,,,,,,0
385,0.0,BUD,2016,,,,,,,,,0
386,5.14412582031583,BUD,2015,,,,,,,,,1
387,5.731897260045512,BUD,2014,,,,,,,,,1
388,8.958247194974675,BUD,2013,,,,,,,,,1
389,4.4580821383316005,BUD,2012,,,,,,,,,1
390,3.600210421739613,BUD,2011,,,,,,,,,1
391,2.5095039467849327,BUD,2010,,,,,,,,,1
392,2.875395356810456,BUD,2009,,,,,,,,,1
393,-8.5,AMRS,2020,-0.2990411124940739,-4.776039954598344,418677214.5,0.4823537179896335,14.372715911431515,0.0,-1.889731371534847,1.0,0
394,-8.5,TLRY,2020,-0.6793041797143491,-4.654660110904125,857029983.6,-0.9675000525463984,16.449080334728038,0.0,3.810959076864872,1.0,0
395,-8.5,CARA,2020,-0.8197547387476126,-23.942458122536483,692463773.82,-0.1802285728529232,85.56329838378845,0.0,1.2224597130999415,1.0,0
396,-8.5,CRBP,2020,-0.4051363340916055,-15.135994610342314,448885164960.0,-1.3069569252614086,254.75036020927791,0.0,1.8734923092313465,1.0,0
397,-8.5,IIPR,2020,1.239839901633877,104.3156893665768,1238435864.1599998,0.013821059653379186,58.61031065593943,1.064521563342318,0.2578538008496133,1.0,0
398,-8.5,TRST,2020,0.1503560437335094,45.65217367986178,607767388.1999999,0.024285597015606047,200.98127916666664,0.4960564861413656,8.589184308217117,1.0,0
399,-8.5,YCBD,2020,-0.1510609879926324,2.354435585654256,35042884800.0,0.1615034017145664,3.6112538180918814,0.0067198014911944715,0.15878536347999522,1.0,0
400,-8.5,YCBD,2017,-0.2638336276819981,-0.026504626370394264,33522574.35,-94.73772676555643,48.74195841257655,0.0,0.145961769397541,4.0,0
401,-8.5,CRON,2020,-0.1330609952932633,27.24849794423988,2071975783.68,0.044300556320373885,245.72767833017082,0.0,0.12320087249491248,1.0,0
402,-8.5,GWPH,2020,-0.06716992303137953,-4671.691299435028,37210021200.0,-0.01113978223928504,308.4564024769342,0.0,0.05020943909483151,1.0,0
403,-8.5,SMG,2020,-5.3213644524236985,28.395515463917523,7161349000.0,0.31936178295555273,5.1788754700607464,0.1308485329103886,4.23705204508041,1.0,0
404,-8.5,TAP,2020,-0.08333333333333333,-77.02747826086956,8858160000.0,-0.009065111146145357,4.214157944814462,-1.0695652173913044,1.2230017341951758,1.0,0
405,-8.5,MO,2020,1.6560818083961248,46.988724226804116,72926500000.0,0.2372000611340364,11.468233999056457,1.0070876288659794,7.041876814916705,1.0,0
