,Date,Adj Close,Volume,Ticker,Quarter,Quarter-Year
0,7/1/2017,4.05,2756300,AMRS,3,2017
1,8/1/2017,2.47,10195500,AMRS,3,2017
2,9/1/2017,3.2,7593400,AMRS,3,2017
3,10/1/2017,3.13,4362400,AMRS,4,2017
4,11/1/2017,3.63,6472900,AMRS,4,2017
5,12/1/2017,3.75,3352600,AMRS,4,2017
6,1/1/2018,4.9,9016700,AMRS,1,2018
7,2/1/2018,5.29,7943200,AMRS,1,2018
8,3/1/2018,6.69,17505800,AMRS,1,2018
9,4/1/2018,6.61,12353400,AMRS,2,2018
10,5/1/2018,5.17,16732500,AMRS,2,2018
11,6/1/2018,6.39,17716600,AMRS,2,2018
12,7/1/2018,6.87,10503400,AMRS,3,2018
13,8/1/2018,8.97,25621100,AMRS,3,2018
14,9/1/2018,7.94,21019200,AMRS,3,2018
15,10/1/2018,7.45,24733300,AMRS,4,2018
16,11/1/2018,4.94,35976700,AMRS,4,2018
17,12/1/2018,3.34,27016800,AMRS,4,2018
18,1/1/2019,3.39,17616900,AMRS,1,2019
19,2/1/2019,4.74,117052700,AMRS,1,2019
20,3/1/2019,2.09,69266600,AMRS,1,2019
21,4/1/2019,4.48,96785500,AMRS,2,2019
22,5/1/2019,3.39,23988500,AMRS,2,2019
23,6/1/2019,3.56,13242700,AMRS,2,2019
24,7/1/2019,3.09,13721700,AMRS,3,2019
25,8/1/2019,3.78,21184700,AMRS,3,2019
26,9/1/2019,4.76,17328100,AMRS,3,2019
27,10/1/2019,3.32,17977700,AMRS,4,2019
28,11/1/2019,4.02,16489200,AMRS,4,2019
29,12/1/2019,3.09,29166000,AMRS,4,2019
30,1/1/2020,2.56,33352000,AMRS,1,2020
31,2/1/2020,3.19,50494900,AMRS,1,2020
32,3/1/2020,2.56,60888800,AMRS,1,2020
33,4/1/2020,2.7,26555300,AMRS,2,2020
34,5/1/2020,3.73,45584900,AMRS,2,2020
35,6/1/2020,4.27,91617400,AMRS,2,2020
36,7/1/2020,4.78,5738700,AMRS,3,2020
37,7/6/2020,4.765,3841146,AMRS,3,2020
0,7/1/2017,14.04,66428900,CARA,3,2017
1,8/1/2017,14.27,29171000,CARA,3,2017
2,9/1/2017,13.69,15933200,CARA,3,2017
3,10/1/2017,12.54,17563100,CARA,4,2017
4,11/1/2017,12.45,16213900,CARA,4,2017
5,12/1/2017,12.24,17876500,CARA,4,2017
6,1/1/2018,14.67,29472500,CARA,1,2018
7,2/1/2018,13.98,17503400,CARA,1,2018
8,3/1/2018,12.38,17978500,CARA,1,2018
9,4/1/2018,12.38,10520900,CARA,2,2018
10,5/1/2018,15.64,37612600,CARA,2,2018
11,6/1/2018,19.15,30634200,CARA,2,2018
12,7/1/2018,17.93,19971300,CARA,3,2018
13,8/1/2018,20.17,14760500,CARA,3,2018
14,9/1/2018,23.950001,15331600,CARA,3,2018
15,10/1/2018,18.74,14128200,CARA,4,2018
16,11/1/2018,18.18,9052600,CARA,4,2018
17,12/1/2018,13.0,14171000,CARA,4,2018
18,1/1/2019,15.25,13213400,CARA,1,2019
19,2/1/2019,17.049999,10941300,CARA,1,2019
20,3/1/2019,19.620001000000002,15553100,CARA,1,2019
21,4/1/2019,19.08,14114400,CARA,2,2019
22,5/1/2019,20.559998999999998,22221800,CARA,2,2019
23,6/1/2019,21.5,12101600,CARA,2,2019
24,7/1/2019,23.940001000000002,23678100,CARA,3,2019
25,8/1/2019,23.440001000000002,13541900,CARA,3,2019
26,9/1/2019,18.280001000000002,15564400,CARA,3,2019
27,10/1/2019,20.76,10084300,CARA,4,2019
28,11/1/2019,25.98,9839000,CARA,4,2019
29,12/1/2019,16.110001,23490900,CARA,4,2019
30,1/1/2020,16.1,13619800,CARA,1,2020
31,2/1/2020,15.03,8708600,CARA,1,2020
32,3/1/2020,13.21,12527300,CARA,1,2020
33,4/1/2020,14.82,10636500,CARA,2,2020
34,5/1/2020,15.87,11880400,CARA,2,2020
35,6/1/2020,17.1,12341200,CARA,2,2020
36,7/1/2020,17.52,1004100,CARA,3,2020
37,7/6/2020,17.57,278927,CARA,3,2020
0,7/1/2017,5.95,9319200,CRBP,3,2017
1,8/1/2017,7.75,11179800,CRBP,3,2017
2,9/1/2017,7.15,9036300,CRBP,3,2017
3,10/1/2017,7.1,20267500,CRBP,4,2017
4,11/1/2017,6.95,18252200,CRBP,4,2017
5,12/1/2017,7.1,12329400,CRBP,4,2017
6,1/1/2018,7.5,26275600,CRBP,1,2018
7,2/1/2018,7.4,17588900,CRBP,1,2018
8,3/1/2018,6.1,15423200,CRBP,1,2018
9,4/1/2018,5.95,9177900,CRBP,2,2018
10,5/1/2018,6.2,14850200,CRBP,2,2018
11,6/1/2018,5.05,10720100,CRBP,2,2018
12,7/1/2018,5.05,7862800,CRBP,3,2018
13,8/1/2018,5.85,7971100,CRBP,3,2018
14,9/1/2018,7.55,44679200,CRBP,3,2018
15,10/1/2018,6.66,34888800,CRBP,4,2018
16,11/1/2018,6.9,14013500,CRBP,4,2018
17,12/1/2018,5.84,11124000,CRBP,4,2018
18,1/1/2019,7.56,26846700,CRBP,1,2019
19,2/1/2019,6.94,32741800,CRBP,1,2019
20,3/1/2019,6.95,43355400,CRBP,1,2019
21,4/1/2019,7.14,26268500,CRBP,2,2019
22,5/1/2019,7.01,20565300,CRBP,2,2019
23,6/1/2019,6.93,16159200,CRBP,2,2019
24,7/1/2019,6.0,10311500,CRBP,3,2019
25,8/1/2019,5.18,16180700,CRBP,3,2019
26,9/1/2019,4.87,10721900,CRBP,3,2019
27,10/1/2019,5.17,9984600,CRBP,4,2019
28,11/1/2019,4.7,17403200,CRBP,4,2019
29,12/1/2019,5.46,12586600,CRBP,4,2019
30,1/1/2020,6.47,15593500,CRBP,1,2020
31,2/1/2020,4.74,24371900,CRBP,1,2020
32,3/1/2020,5.24,25600600,CRBP,1,2020
33,4/1/2020,6.48,16645300,CRBP,2,2020
34,5/1/2020,7.46,22591100,CRBP,2,2020
35,6/1/2020,8.39,40015500,CRBP,2,2020
36,7/1/2020,7.95,3055500,CRBP,3,2020
37,7/6/2020,7.91,1272281,CRBP,3,2020
0,7/1/2017,16.431901999999997,839000,IIPR,3,2017
1,8/1/2017,15.37846,579000,IIPR,3,2017
2,9/1/2017,16.83707,552800,IIPR,3,2017
3,10/1/2017,17.892715,844100,IIPR,4,2017
4,11/1/2017,16.476549,473600,IIPR,4,2017
5,12/1/2017,29.330978,3151500,IIPR,4,2017
6,1/1/2018,26.169472,8987100,IIPR,1,2018
7,2/1/2018,22.862787,2306800,IIPR,1,2018
8,3/1/2018,24.50239,2837800,IIPR,1,2018
9,4/1/2018,31.574244,2213800,IIPR,2,2018
10,5/1/2018,34.746468,2661900,IIPR,2,2018
11,6/1/2018,33.867863,3870200,IIPR,2,2018
12,7/1/2018,30.150181,2067400,IIPR,3,2018
13,8/1/2018,42.273567,2803000,IIPR,3,2018
14,9/1/2018,44.917992,4048800,IIPR,3,2018
15,10/1/2018,38.454971,7275900,IIPR,4,2018
16,11/1/2018,46.297943,6528400,IIPR,4,2018
17,12/1/2018,42.582851,4265000,IIPR,4,2018
18,1/1/2019,58.548267,4316500,IIPR,1,2019
19,2/1/2019,74.68875899999999,10847400,IIPR,1,2019
20,3/1/2019,77.24173,9905200,IIPR,1,2019
21,4/1/2019,80.922432,8455700,IIPR,2,2019
22,5/1/2019,79.867416,7148300,IIPR,2,2019
23,6/1/2019,117.439224,11930500,IIPR,2,2019
24,7/1/2019,100.919044,14726000,IIPR,3,2019
25,8/1/2019,85.151352,8854300,IIPR,3,2019
26,9/1/2019,88.21701800000001,9975000,IIPR,3,2019
27,10/1/2019,73.183266,9577500,IIPR,4,2019
28,11/1/2019,74.54100799999999,8276500,IIPR,4,2019
29,12/1/2019,73.058075,8776100,IIPR,4,2019
30,1/1/2020,87.342224,13321500,IIPR,1,2020
31,2/1/2020,89.723404,8823300,IIPR,1,2020
32,3/1/2020,74.099388,14987600,IIPR,1,2020
33,4/1/2020,77.52825899999999,9115300,IIPR,2,2020
34,5/1/2020,80.749542,7249400,IIPR,2,2020
35,6/1/2020,86.974724,10630200,IIPR,2,2020
36,7/1/2020,92.790001,3043000,IIPR,3,2020
37,7/6/2020,96.43,437068,IIPR,3,2020
0,7/1/2017,4.88,4717000,NBEV,3,2017
1,8/1/2017,4.23,7131500,NBEV,3,2017
2,9/1/2017,3.41,5108900,NBEV,3,2017
3,10/1/2017,2.34,7621000,NBEV,4,2017
4,11/1/2017,2.26,6832400,NBEV,4,2017
5,12/1/2017,2.17,4775200,NBEV,4,2017
6,1/1/2018,3.58,33135900,NBEV,1,2018
7,2/1/2018,3.22,5850600,NBEV,1,2018
8,3/1/2018,2.42,5906000,NBEV,1,2018
9,4/1/2018,1.84,15255500,NBEV,2,2018
10,5/1/2018,1.79,7738800,NBEV,2,2018
11,6/1/2018,1.87,7681400,NBEV,2,2018
12,7/1/2018,2.03,5147300,NBEV,3,2018
13,8/1/2018,1.48,15335700,NBEV,3,2018
14,9/1/2018,5.35,572775200,NBEV,3,2018
15,10/1/2018,4.53,549101100,NBEV,4,2018
16,11/1/2018,4.63,244416100,NBEV,4,2018
17,12/1/2018,5.2,304233100,NBEV,4,2018
18,1/1/2019,7.11,273497900,NBEV,1,2019
19,2/1/2019,5.87,152620300,NBEV,1,2019
20,3/1/2019,5.26,91037200,NBEV,1,2019
21,4/1/2019,5.4,195986300,NBEV,2,2019
22,5/1/2019,5.06,71940100,NBEV,2,2019
23,6/1/2019,4.66,66102200,NBEV,2,2019
24,7/1/2019,3.74,50204700,NBEV,3,2019
25,8/1/2019,3.04,45144600,NBEV,3,2019
26,9/1/2019,2.76,42588600,NBEV,3,2019
27,10/1/2019,2.69,49776800,NBEV,4,2019
28,11/1/2019,2.16,31915400,NBEV,4,2019
29,12/1/2019,1.82,38357500,NBEV,4,2019
30,1/1/2020,1.74,50286300,NBEV,1,2020
31,2/1/2020,2.02,60557300,NBEV,1,2020
32,3/1/2020,1.39,54972100,NBEV,1,2020
33,4/1/2020,1.41,53879300,NBEV,2,2020
34,5/1/2020,1.51,45497100,NBEV,2,2020
35,6/1/2020,1.53,49963600,NBEV,2,2020
36,7/1/2020,1.5,3457400,NBEV,3,2020
37,7/6/2020,1.53,1665808,NBEV,3,2020
0,7/1/2018,22.1,51529700,TLRY,3,2018
1,8/1/2018,65.199997,117644200,TLRY,3,2018
2,9/1/2018,143.619995,296416200,TLRY,3,2018
3,10/1/2018,94.790001,110004300,TLRY,4,2018
4,11/1/2018,102.449997,52491800,TLRY,4,2018
5,12/1/2018,70.540001,42240400,TLRY,4,2018
6,1/1/2019,80.489998,85659400,TLRY,1,2019
7,2/1/2019,81.309998,38365300,TLRY,1,2019
8,3/1/2019,65.519997,38101500,TLRY,1,2019
9,4/1/2019,51.330002,33436000,TLRY,2,2019
10,5/1/2019,38.009997999999996,30601200,TLRY,2,2019
11,6/1/2019,46.560001,43915500,TLRY,2,2019
12,7/1/2019,40.82,21319700,TLRY,3,2019
13,8/1/2019,25.67,46358200,TLRY,3,2019
14,9/1/2019,24.74,38192100,TLRY,3,2019
15,10/1/2019,22.309998999999998,30859900,TLRY,4,2019
16,11/1/2019,19.84,38533800,TLRY,4,2019
17,12/1/2019,17.129998999999998,38609300,TLRY,4,2019
18,1/1/2020,17.540001,102086900,TLRY,1,2020
19,2/1/2020,14.43,57861700,TLRY,1,2020
20,3/1/2020,6.88,331837900,TLRY,1,2020
21,4/1/2020,8.05,266932300,TLRY,2,2020
22,5/1/2020,9.85,281637600,TLRY,2,2020
23,6/1/2020,7.11,167309000,TLRY,2,2020
24,7/1/2020,6.96,8739100,TLRY,3,2020
25,7/6/2020,7.85,13490254,TLRY,3,2020
0,11/1/2017,5.2,659900,YCBD,4,2017
1,12/1/2017,4.35,169500,YCBD,4,2017
2,1/1/2018,4.9319999999999995,145600,YCBD,1,2018
3,2/1/2018,4.0,235900,YCBD,1,2018
4,3/1/2018,4.19,210600,YCBD,1,2018
5,4/1/2018,4.984,556000,YCBD,2,2018
6,5/1/2018,4.72,1209100,YCBD,2,2018
7,6/1/2018,3.7,716700,YCBD,2,2018
8,7/1/2018,3.41,271300,YCBD,3,2018
9,8/1/2018,3.49,1404300,YCBD,3,2018
10,9/1/2018,3.63,4727300,YCBD,3,2018
11,10/1/2018,3.74,23817800,YCBD,4,2018
12,11/1/2018,4.15,2258500,YCBD,4,2018
13,12/1/2018,3.09,7773900,YCBD,4,2018
14,1/1/2019,4.74,3196200,YCBD,1,2019
15,2/1/2019,4.37,3059100,YCBD,1,2019
16,3/1/2019,4.42,2074400,YCBD,1,2019
17,4/1/2019,6.08,5023300,YCBD,2,2019
18,5/1/2019,6.12,9147400,YCBD,2,2019
19,6/1/2019,5.9,5373900,YCBD,2,2019
20,7/1/2019,4.35,4805600,YCBD,3,2019
21,8/1/2019,4.1,3511500,YCBD,3,2019
22,9/1/2019,3.96,3002700,YCBD,3,2019
23,10/1/2019,3.52,2382400,YCBD,4,2019
24,11/1/2019,3.25,2491900,YCBD,4,2019
25,12/1/2019,2.26,3638400,YCBD,4,2019
26,1/1/2020,1.04,29387600,YCBD,1,2020
27,2/1/2020,1.02,15241200,YCBD,1,2020
28,3/1/2020,0.93,13390900,YCBD,1,2020
29,4/1/2020,0.963,21738800,YCBD,2,2020
30,5/1/2020,1.47,73897400,YCBD,2,2020
31,6/1/2020,1.91,29392000,YCBD,2,2020
32,7/1/2020,1.95,2413200,YCBD,3,2020
33,7/6/2020,2.41,5158653,YCBD,3,2020
0,2018-02-01,9.17,12676400,CRON,1,2018
1,2018-03-01,6.73,69593600,CRON,1,2018
2,2018-04-01,6.91,47660200,CRON,2,2018
3,2018-05-01,6.24,56984900,CRON,2,2018
4,2018-06-01,6.52,108259400,CRON,2,2018
5,2018-07-01,6.05,38727700,CRON,3,2018
6,2018-08-01,9.88,418095000,CRON,3,2018
7,2018-09-01,11.12,613675700,CRON,3,2018
8,2018-10-01,7.42,304957800,CRON,4,2018
9,2018-11-01,9.15,151518900,CRON,4,2018
10,2018-12-01,10.39,248240300,CRON,4,2018
11,2019-01-01,19.68,305723800,CRON,1,2019
12,2019-02-01,21.639999,480222900,CRON,1,2019
13,2019-03-01,18.43,222901000,CRON,1,2019
14,2019-04-01,17.16,122316800,CRON,2,2019
15,2019-05-01,14.08,105984200,CRON,2,2019
16,2019-06-01,15.98,108669900,CRON,2,2019
17,2019-07-01,13.81,74765400,CRON,3,2019
18,2019-08-01,11.02,102697100,CRON,3,2019
19,2019-09-01,9.05,72109300,CRON,3,2019
20,2019-10-01,8.21,158015600,CRON,4,2019
21,2019-11-01,6.85,190919800,CRON,4,2019
22,2019-12-01,7.67,124616900,CRON,4,2019
23,2020-01-01,7.18,263835000,CRON,1,2020
24,2020-02-01,5.85,134869400,CRON,1,2020
25,2020-03-01,5.67,149384800,CRON,1,2020
26,2020-04-01,5.94,95603600,CRON,2,2020
27,2020-05-01,6.53,159539900,CRON,2,2020
28,2020-06-01,6.01,128983300,CRON,2,2020
29,2020-07-01,6.17,4297700,CRON,3,2020
30,2020-07-02,6.17,2169379,CRON,3,2020
0,2017-07-01,111.779999,5809800,GWPH,3,2017
1,2017-08-01,105.82,7945400,GWPH,3,2017
2,2017-09-01,101.489998,7229700,GWPH,3,2017
3,2017-10-01,107.949997,7498000,GWPH,4,2017
4,2017-11-01,124.489998,7940800,GWPH,4,2017
5,2017-12-01,132.009995,8666600,GWPH,4,2017
6,2018-01-01,138.130005,8681400,GWPH,1,2018
7,2018-02-01,113.639999,8322600,GWPH,1,2018
8,2018-03-01,112.66999799999999,6103500,GWPH,1,2018
9,2018-04-01,132.91000400000001,10639600,GWPH,2,2018
10,2018-05-01,160.990005,8686200,GWPH,2,2018
11,2018-06-01,139.53999299999998,10465600,GWPH,2,2018
12,2018-07-01,135.070007,7092400,GWPH,3,2018
13,2018-08-01,146.779999,6487100,GWPH,3,2018
14,2018-09-01,172.740005,14218700,GWPH,3,2018
15,2018-10-01,137.490005,14694400,GWPH,4,2018
16,2018-11-01,123.019997,10044000,GWPH,4,2018
17,2018-12-01,97.389999,8745100,GWPH,4,2018
18,2019-01-01,142.75,11194100,GWPH,1,2019
19,2019-02-01,172.009995,10669200,GWPH,1,2019
20,2019-03-01,168.570007,8423200,GWPH,1,2019
21,2019-04-01,169.309998,7674600,GWPH,2,2019
22,2019-05-01,173.240005,11264500,GWPH,2,2019
23,2019-06-01,172.389999,5442700,GWPH,2,2019
24,2019-07-01,162.300003,7127800,GWPH,3,2019
25,2019-08-01,142.41000400000001,12409800,GWPH,3,2019
26,2019-09-01,115.029999,14005500,GWPH,3,2019
27,2019-10-01,133.820007,13908800,GWPH,4,2019
28,2019-11-01,102.110001,19615400,GWPH,4,2019
29,2019-12-01,104.559998,13417200,GWPH,4,2019
30,2020-01-01,115.529999,12974300,GWPH,1,2020
31,2020-02-01,102.309998,11151700,GWPH,1,2020
32,2020-03-01,87.57,14379200,GWPH,1,2020
33,2020-04-01,100.139999,7657400,GWPH,2,2020
34,2020-05-01,122.75,9406900,GWPH,2,2020
35,2020-06-01,122.720001,6168300,GWPH,2,2020
36,2020-07-01,125.349998,829200,GWPH,3,2020
37,2020-07-02,125.349998,269000,GWPH,3,2020
0,2017-07-01,7.249,3305328,CGC,3,2017
1,2017-08-01,7.18,3085000,CGC,3,2017
2,2017-09-01,0.52,6782747,CGC,3,2017
3,2017-10-01,12.57,16435332,CGC,4,2017
4,2017-11-01,15.25,32477200,CGC,4,2017
5,2017-12-01,0.474,23264339,CGC,4,2017
6,2018-01-01,25.202999,93934546,CGC,1,2018
7,2018-02-01,21.32,26790800,CGC,1,2018
8,2018-03-01,26.122999,17763800,CGC,1,2018
9,2018-04-01,23.440001000000002,18339400,CGC,2,2018
10,2018-05-01,28.370001000000002,37524010,CGC,2,2018
11,2018-06-01,29.290001,87565500,CGC,2,2018
12,2018-07-01,26.33,56615900,CGC,3,2018
13,2018-08-01,45.720001,266530900,CGC,3,2018
14,2018-09-01,48.639998999999996,327608600,CGC,3,2018
15,2018-10-01,36.889998999999996,318580000,CGC,4,2018
16,2018-11-01,33.549999,204790900,CGC,4,2018
17,2018-12-01,26.870001000000002,109732800,CGC,4,2018
18,2019-01-01,48.98,282390200,CGC,1,2019
19,2019-02-01,47.41,177187100,CGC,1,2019
20,2019-03-01,43.369999,121910100,CGC,1,2019
21,2019-04-01,50.52,136108300,CGC,2,2019
22,2019-05-01,40.259997999999996,90155600,CGC,2,2019
23,2019-06-01,40.310001,80996300,CGC,2,2019
24,2019-07-01,32.639998999999996,96091800,CGC,3,2019
25,2019-08-01,23.58,111746300,CGC,3,2019
26,2019-09-01,22.93,88468700,CGC,3,2019
27,2019-10-01,19.959999,117367000,CGC,4,2019
28,2019-11-01,18.59,217615100,CGC,4,2019
29,2019-12-01,21.09,152241600,CGC,4,2019
30,2020-01-01,22.549999,206742000,CGC,1,2020
31,2020-02-01,18.780001000000002,143664900,CGC,1,2020
32,2020-03-01,14.42,151927000,CGC,1,2020
33,2020-04-01,16.0,105620100,CGC,2,2020
34,2020-05-01,17.370001000000002,179136100,CGC,2,2020
35,2020-06-01,16.16,130604500,CGC,2,2020
36,2020-07-01,16.450001,4507000,CGC,3,2020
37,2020-07-02,16.450001,2035330,CGC,3,2020
0,2017-07-01,89.426376,7625300,SMG,3,2017
1,2017-08-01,89.05373399999999,8369300,SMG,3,2017
2,2017-09-01,91.190315,6610300,SMG,3,2017
3,2017-10-01,93.326263,5938100,SMG,4,2017
4,2017-11-01,92.651756,7358600,SMG,4,2017
5,2017-12-01,100.773895,7836700,SMG,4,2017
6,2018-01-01,85.025307,16941800,SMG,1,2018
7,2018-02-01,84.620293,13250100,SMG,1,2018
8,2018-03-01,81.23988299999999,10340300,SMG,1,2018
9,2018-04-01,79.18402900000001,13985700,SMG,2,2018
10,2018-05-01,80.652496,16073200,SMG,2,2018
11,2018-06-01,79.264854,17476300,SMG,2,2018
12,2018-07-01,75.709572,9614300,SMG,3,2018
13,2018-08-01,71.220184,14210800,SMG,3,2018
14,2018-09-01,75.600563,10346300,SMG,3,2018
15,2018-10-01,64.087151,10250700,SMG,4,2018
16,2018-11-01,72.959869,12679900,SMG,4,2018
17,2018-12-01,59.456554000000004,12020700,SMG,4,2018
18,2019-01-01,71.926369,13457300,SMG,1,2019
19,2019-02-01,79.230255,9209500,SMG,1,2019
20,2019-03-01,76.535881,9834400,SMG,1,2019
21,2019-04-01,82.80834200000001,6790100,SMG,2,2019
22,2019-05-01,87.20101899999999,11187100,SMG,2,2019
23,2019-06-01,96.538315,9380000,SMG,2,2019
24,2019-07-01,109.94586899999999,9084400,SMG,3,2019
25,2019-08-01,104.20258299999999,13314000,SMG,3,2019
26,2019-09-01,100.35743000000001,9826800,SMG,3,2019
27,2019-10-01,98.947968,8916900,SMG,4,2019
28,2019-11-01,99.628059,8515000,SMG,4,2019
29,2019-12-01,105.26533500000001,6895400,SMG,4,2019
30,2020-01-01,121.68267800000001,8635800,SMG,1,2020
31,2020-02-01,105.076973,7321400,SMG,1,2020
32,2020-03-01,102.00589000000001,15652900,SMG,1,2020
33,2020-04-01,123.55264299999999,8369600,SMG,2,2020
34,2020-05-01,142.021301,11251300,SMG,2,2020
35,2020-06-01,134.470001,10253100,SMG,2,2020
36,2020-07-01,134.669998,843500,SMG,3,2020
37,2020-07-02,134.669998,275286,SMG,3,2020
0,2017-07-01,81.948868,25661000,TAP,3,2017
1,2017-08-01,82.658028,33928600,TAP,3,2017
2,2017-09-01,75.534943,29493300,TAP,3,2017
3,2017-10-01,74.822517,33097500,TAP,4,2017
4,2017-11-01,72.259651,27693700,TAP,4,2017
5,2017-12-01,76.331062,22882700,TAP,4,2017
6,2018-01-01,78.144684,25416000,TAP,1,2018
7,2018-02-01,70.918015,36647700,TAP,1,2018
8,2018-03-01,70.06237,43960400,TAP,1,2018
9,2018-04-01,66.6138,41836100,TAP,2,2018
10,2018-05-01,57.646556999999994,64026600,TAP,2,2018
11,2018-06-01,63.621601,45138600,TAP,2,2018
12,2018-07-01,63.068573,58851000,TAP,3,2018
13,2018-08-01,62.82383000000001,45604500,TAP,3,2018
14,2018-09-01,58.245399,34856600,TAP,3,2018
15,2018-10-01,60.613102000000005,50027600,TAP,4,2018
16,2018-11-01,62.289436,41639500,TAP,4,2018
17,2018-12-01,53.520927,39832000,TAP,4,2018
18,2019-01-01,63.47985799999999,33853700,TAP,1,2019
19,2019-02-01,58.76246999999999,42879400,TAP,1,2019
20,2019-03-01,56.846928000000005,33032200,TAP,1,2019
21,2019-04-01,61.583073,31036300,TAP,2,2019
22,2019-05-01,52.747112,35044400,TAP,2,2019
23,2019-06-01,54.131054000000006,34386800,TAP,2,2019
24,2019-07-01,52.188137,35091400,TAP,3,2019
25,2019-08-01,49.645912,37703600,TAP,3,2019
26,2019-09-01,56.207347999999996,32181300,TAP,3,2019
27,2019-10-01,51.534813,41530200,TAP,4,2019
28,2019-11-01,49.345165,28850900,TAP,4,2019
29,2019-12-01,53.287014,39517000,TAP,4,2019
30,2020-01-01,54.947906,34024300,TAP,1,2020
31,2020-02-01,49.045803,40910200,TAP,1,2020
32,2020-03-01,38.566349,67846300,TAP,1,2020
33,2020-04-01,41.009997999999996,44578300,TAP,2,2020
34,2020-05-01,37.959998999999996,54535200,TAP,2,2020
35,2020-06-01,34.360001000000004,69406800,TAP,2,2020
36,2020-07-01,35.34,4365900,TAP,3,2020
37,2020-07-02,35.34,1421596,TAP,3,2020
0,2017-07-01,53.962162,172013300,MO,3,2017
1,2017-08-01,52.658168999999994,172858000,MO,3,2017
2,2017-09-01,52.67478199999999,164443400,MO,3,2017
3,2017-10-01,53.908424,149449500,MO,4,2017
4,2017-11-01,56.93877,133012100,MO,4,2017
5,2017-12-01,59.943946999999994,148743100,MO,4,2017
6,2018-01-01,59.577835,150783100,MO,1,2018
7,2018-02-01,53.318527,162390600,MO,1,2018
8,2018-03-01,52.784912,189134600,MO,1,2018
9,2018-04-01,48.033501,209462500,MO,2,2018
10,2018-05-01,47.716763,170829900,MO,2,2018
11,2018-06-01,48.615627,158711400,MO,2,2018
12,2018-07-01,50.853413,160065400,MO,3,2018
13,2018-08-01,50.714756,130279500,MO,3,2018
14,2018-09-01,52.266009999999994,137743600,MO,3,2018
15,2018-10-01,57.08511,179044200,MO,4,2018
16,2018-11-01,48.123871,216737300,MO,4,2018
17,2018-12-01,43.349216,254997600,MO,4,2018
18,2019-01-01,44.031681,313556300,MO,1,2019
19,2019-02-01,46.761917,199276000,MO,1,2019
20,2019-03-01,51.240925,252395200,MO,1,2019
21,2019-04-01,49.165901,189534800,MO,2,2019
22,2019-05-01,44.39682,158366700,MO,2,2019
23,2019-06-01,42.84935,167463900,MO,2,2019
24,2019-07-01,43.266903000000006,142875900,MO,3,2019
25,2019-08-01,40.205956,257666800,MO,3,2019
26,2019-09-01,37.595417,278639600,MO,3,2019
27,2019-10-01,41.963959,223862100,MO,4,2019
28,2019-11-01,46.564159000000004,165860000,MO,4,2019
29,2019-12-01,46.760909999999996,169364500,MO,4,2019
30,2020-01-01,45.268723,175654300,MO,1,2020
31,2020-02-01,38.449364,207586600,MO,1,2020
32,2020-03-01,36.830242,382935800,MO,1,2020
33,2020-04-01,38.410854,222280500,MO,2,2020
34,2020-05-01,38.21513,224633300,MO,2,2020
35,2020-06-01,38.410854,205875200,MO,2,2020
36,2020-07-01,39.400002,10715600,MO,3,2020
37,2020-07-02,39.400002,4319396,MO,3,2020
0,2017-07-01,110.76621200000001,34586100,BUD,3,2017
1,2017-08-01,108.66399399999999,27034800,BUD,3,2017
2,2017-09-01,109.51773100000001,31672600,BUD,3,2017
3,2017-10-01,112.712372,38020400,BUD,4,2017
4,2017-11-01,105.102135,34254400,BUD,4,2017
5,2017-12-01,104.04950699999999,27654700,BUD,4,2017
6,2018-01-01,105.840263,39069700,BUD,1,2018
7,2018-02-01,99.031708,41088800,BUD,1,2018
8,2018-03-01,102.53858199999999,54163300,BUD,1,2018
9,2018-04-01,93.342377,44233200,BUD,2,2018
10,2018-05-01,87.289299,60417800,BUD,2,2018
11,2018-06-01,96.275726,36485400,BUD,2,2018
12,2018-07-01,97.193001,26031600,BUD,3,2018
13,2018-08-01,89.080849,27908700,BUD,3,2018
14,2018-09-01,83.672737,38102100,BUD,3,2018
15,2018-10-01,70.687561,53258400,BUD,4,2018
16,2018-11-01,73.448944,38062100,BUD,4,2018
17,2018-12-01,63.634602,41762600,BUD,4,2018
18,2019-01-01,73.913223,35948700,BUD,1,2019
19,2019-02-01,75.57637,28811100,BUD,1,2019
20,2019-03-01,81.194321,29805500,BUD,1,2019
21,2019-04-01,86.000031,20004800,BUD,2,2019
22,2019-05-01,78.70926700000001,27857000,BUD,2,2019
23,2019-06-01,86.6922,22049200,BUD,2,2019
24,2019-07-01,98.906097,50813700,BUD,3,2019
25,2019-08-01,92.559174,25327400,BUD,3,2019
26,2019-09-01,93.195824,23209800,BUD,3,2019
27,2019-10-01,79.111153,31675100,BUD,4,2019
28,2019-11-01,77.720322,23562400,BUD,4,2019
29,2019-12-01,81.25954399999999,19051800,BUD,4,2019
30,2020-01-01,74.583664,22133200,BUD,1,2020
31,2020-02-01,57.814716000000004,38308600,BUD,1,2020
32,2020-03-01,43.700278999999995,111428900,BUD,1,2020
33,2020-04-01,46.07745,54801400,BUD,2,2020
34,2020-05-01,46.434025,63898900,BUD,2,2020
35,2020-06-01,48.831001,70354500,BUD,2,2020
36,2020-07-01,50.110001000000004,4763400,BUD,3,2020
37,2020-07-02,50.110001000000004,2468138,BUD,3,2020
0,7/1/2017,7.502719,5224400,TRST,3,2017
1,8/1/2017,7.141141999999999,8281600,TRST,3,2017
2,9/1/2017,8.113737,7239200,TRST,3,2017
3,10/1/2017,8.369003,6432200,TRST,4,2017
4,11/1/2017,8.523983,6394200,TRST,4,2017
5,12/1/2017,8.444694,7686600,TRST,4,2017
6,1/1/2018,7.893955,7457000,TRST,1,2018
7,2/1/2018,7.802163,6287000,TRST,1,2018
8,3/1/2018,7.756267,6482000,TRST,1,2018
9,4/1/2018,7.909472999999999,5997900,TRST,2,2018
10,5/1/2018,8.048236,5828500,TRST,2,2018
11,6/1/2018,8.295112,7628300,TRST,2,2018
12,7/1/2018,8.481522,5574200,TRST,3,2018
13,8/1/2018,8.621325,7363700,TRST,3,2018
14,9/1/2018,7.9223,6121300,TRST,3,2018
15,10/1/2018,7.032927000000001,5933600,TRST,4,2018
16,11/1/2018,7.4085160000000005,5263800,TRST,4,2018
17,12/1/2018,6.441372,6755200,TRST,4,2018
18,1/1/2019,7.354305999999999,5187000,TRST,1,2019
19,2/1/2019,8.027186,4181100,TRST,1,2019
20,3/1/2019,7.413544,5918600,TRST,1,2019
21,4/1/2019,7.642828999999999,4454100,TRST,2,2019
22,5/1/2019,7.050510000000001,3951900,TRST,2,2019
23,6/1/2019,7.566400999999999,4897900,TRST,2,2019
24,7/1/2019,7.808883,5814000,TRST,3,2019
25,8/1/2019,7.394336999999999,5132200,TRST,3,2019
26,9/1/2019,7.8570850000000005,5846300,TRST,3,2019
27,10/1/2019,8.404575,5588600,TRST,4,2019
28,11/1/2019,8.54076,4683800,TRST,4,2019
29,12/1/2019,8.433759,7049200,TRST,4,2019
30,1/1/2020,7.775042999999999,6180800,TRST,1,2020
31,2/1/2020,6.725950999999999,5956500,TRST,1,2020
32,3/1/2020,5.304286,15256400,TRST,1,2020
33,4/1/2020,6.234496,10928700,TRST,2,2020
34,5/1/2020,6.234496,16390200,TRST,2,2020
35,6/1/2020,6.264183999999999,10447900,TRST,2,2020
36,7/1/2020,6.04,863200,TRST,3,2020
37,7/6/2020,6.07,192048,TRST,3,2020
