,F_Date,EPS,CFPS,PE_Ratio,Market_Cap,ROE,Price_Sales_Ratio,Payout_Ratio,Debt_Equity_Ratio,Ticker,Quarter,Quarter-Year
0,2020-03-31,-0.5653219038505856,-0.2990411124940739,-4.776039954598344,418677214.5,0.48235371798963345,14.372715911431516,0.0,-1.889731371534847,AMRS,1,2020
1,2019-12-31,-0.7761814092270827,-0.42878296349183265,-3.414150311379985,268632174.8,0.3076195279481736,6.627002536017367,0.0,-1.629321635643549,AMRS,4,2019
2,2019-09-30,-0.6403913113209768,-0.6044174695369107,-5.340484699808534,312396993.0,0.27332535885167464,8.93763033216033,0.0,-1.5986234674043063,AMRS,3,2019
3,2019-06-30,-0.44898538533002497,-0.25081553359764075,-6.59264220331863,251100556.24,0.21011634514070093,4.00517683095671,0.0,-1.6775270175593449,AMRS,2,2019
4,2019-03-31,-0.8546154089391432,-0.4770870555767329,-5.242124063221775,347254024.32000005,0.2781718086647602,24.15848228189787,0.0,-1.4415399538920872,AMRS,1,2019
5,2018-12-31,2.683268859850243,-0.663895500560093,1.1627608573574442,100631138.4,-0.3974402542295046,1.221459209088923,0.0,-1.5874694612318374,AMRS,4,2018
6,2018-09-30,-1.2258060476315924,-0.6272296017205959,-6.045001992213229,413000581.11,0.3308090467590194,27.781553956007,0.0,-1.5940240259142873,AMRS,3,2018
7,2018-06-30,0.028882580440953917,-0.5170415231840172,229.89635616438355,352431114.0,-0.006013816478563275,15.194926015348795,0.0,-1.4654607650453293,AMRS,2,2018
8,2018-03-31,-1.7900000279760868,-0.49987202407555514,-3.6927373724534407,337870698.63,0.31318372879499434,14.691307880250456,0.0,-1.4044525377548367,AMRS,1,2018
9,2017-12-31,-0.050195993807817245,0.06309379085788022,-99.60954292773316,161267850.0,0.008069017762803771,2.001139747853278,0.0,-1.7549839516756045,AMRS,4,2017
10,2017-09-30,-1.2645113462923905,-1.5568771316658465,-2.5068972368611764,86480433.98,0.17569315704769084,3.574014711741125,0.0,-1.7057927760914295,AMRS,3,2017
11,2017-06-30,0.05455570012135581,-1.6388381558043896,75.7024470552677,87663433.69,-0.005781818726501999,3.4136851125389405,0.0,-1.5627287388345492,AMRS,2,2017
12,2017-03-31,-0.12884809342471812,-0.08755022975927504,-62.86472531107008,2349317649.6,0.1761221181216657,180.99519642526963,0.0,-1.4498086602446887,AMRS,1,2017
13,2016-12-31,-0.20447475137759596,-0.15510807517073139,-44.01521429596964,2145961773.0,0.2643335411640326,96.49976495188416,0.0,-1.704128602022283,AMRS,4,2016
14,2016-09-30,-0.08689338271017652,-0.028257437016331446,-181.25661021314386,3571661504.25,0.1213481623805301,134.55119624223016,0.0,-1.6122462804217164,AMRS,3,2016
15,2016-06-30,-0.0626912876231774,-0.0703902176821641,-83.7436938854489,1136066951.25,0.08805088596092685,118.36496678995623,0.0,-1.6871097553060297,AMRS,2,2016
16,2016-03-31,-0.07388046469962874,-0.11459001001850569,-207.09127997778938,3170153313.9,0.09770544119993617,359.794951072523,0.0,-1.6516993776926758,AMRS,1,2016
17,2015-12-31,-0.33033616406904087,-0.259251665243979,-66.75018480686695,2799502750.8,0.2653338816309746,284.30006609119533,0.0,-1.6971688862176952,AMRS,4,2015
18,2015-09-30,-0.766090872774681,-0.19406010450814928,-33.09006920835072,2537611227.4500003,0.5432354128739313,295.3801917646374,0.0,-1.9564351946957192,AMRS,3,2015
19,2015-06-30,-0.5922354841402647,-0.3706337796191831,-42.80391951995251,2018718452.4,0.20744226962832638,257.39110702537295,0.0,-1.7085330987464262,AMRS,2,2015
20,2015-03-31,-0.6596900653329463,-0.041352123034532395,-51.387767955684815,2685627528.9,0.28165689402431665,341.1620336509146,0.0,-2.0404307148400447,AMRS,1,2015
21,2014-12-31,0.7397057080209262,-0.26276752868344627,34.878735854327246,2022722528.4,-0.4659868865104619,174.5984055589124,0.0,-2.737079355896249,AMRS,4,2014
22,2014-09-30,-0.469273266901154,-0.3618850345758245,-94.93402488956151,3481420560.75,0.20372654244858504,213.0481953827795,0.0,-2.4368798817817185,AMRS,3,2014
23,2014-06-30,-0.45688222565640857,-0.3329025825579813,-128.6983749816953,4570079295.599999,0.25548416803965723,491.0367782959063,0.0,-3.0443553899173326,AMRS,2,2014
24,2014-03-31,0.21288451647543416,-0.1295450961408655,248.02179545121058,4056644486.3999996,-0.14623286752675482,671.5187032610494,0.0,-3.1170506665236166,AMRS,1,2014
25,2013-12-31,-1.8476862582359175,-0.482756893645218,-35.80153270347795,4992523735.5,1.0309468890466051,324.25301912710273,0.0,-2.470191625266146,AMRS,4,2013
26,2013-09-30,-0.3223185350838098,-0.32136067911030664,-121.92907239970282,2954097566.1,-23.98811881188119,421.7729249143346,0.0,192.83960396039603,AMRS,3,2013
27,2013-06-30,-0.5213536481103228,-0.28105455183374495,-79.12095781723801,3078912952.5,-1.8675433123770215,283.796935431837,0.0,8.734366751451745,AMRS,2,2013
28,2013-03-31,-0.44081822628878115,-0.3313468889541852,-92.55515667646604,2990919888.0,-0.5443534802237046,380.08894243232936,0.0,3.061518765581834,AMRS,1,2013
29,2012-12-31,-0.7689640102663237,-0.5497209353898681,-57.3498881758151,2501258022.9,-0.649926981193932,427.2733213016741,0.0,2.6186630107590974,AMRS,4,2012
30,2012-09-30,-0.3670012189631913,-0.5055177178802875,-111.5800108666863,2274893261.55,-0.26318982766410637,119.05449348702115,0.0,2.3767507906796617,AMRS,3,2012
31,2012-06-30,-0.8756507073078573,-0.5527550895351223,-60.640617950567524,2858295527.1,-0.5121532493779405,148.38267804080363,0.0,2.206273836558626,AMRS,2,2012
32,2012-03-31,-1.8898242950917143,-1.2318429817610128,-24.843579438543248,2357556314.4,-0.7140621237659524,80.00123229156063,0.0,1.4237599325788586,AMRS,1,2012
33,2011-12-31,-1.331099476738974,-0.5966197144868409,-105.25133729541186,6276347745.599999,-0.3702655043091672,151.0953018994198,0.0,0.9876251148697315,AMRS,4,2011
34,2011-09-30,-0.9866610454652709,-0.4027169599426041,-316.522073548299,13899750337.800001,-0.21564419738657736,383.1665657128681,0.0,0.47957434897687595,AMRS,3,2011
35,2011-06-30,-0.9678767454241388,-4.3319593452887295,-358.7750213461628,15362028864.0,-0.1709977196576691,480.03339991250544,0.0,0.29656431084540397,AMRS,2,2011
36,2011-03-31,-0.7558982158320985,-0.7636745241435218,-524.4753747216943,17384785245.899998,-0.11818544850356193,467.65979571474685,0.0,0.24826538689181576,AMRS,1,2011
37,2010-12-31,-1.728811496677314,-1.6455245068935145,-270.0988516662769,6929656138.349999,-0.08342166700265977,233.09415514648992,0.0,0.16226840862830275,AMRS,4,2010
38,2010-09-30,-7.468234683088794,-7.430394539147855,-33.140361879688044,667148625.0,-0.06344488952060989,27.53967492260062,0.0,0.15064339944342717,AMRS,3,2010
39,2020-03-31,-3.796497454792048,-4.2941727628874995,-4.2144108327543695,5568610608.0,-0.27041099288182086,13.964397219463754,0.0,0.40344595836329766,CGC,1,2020
51,2020-03-31,-1.7294495856189085,-0.679304179714349,-4.654660110904125,857029983.6,-0.9675000525463985,16.449080334728034,0.0,3.810959076864872,TLRY,1,2020
52,2019-12-31,-2.1913843654649803,-1.1752844988541564,-8.770711474854295,1930758111.9399998,-0.7716767564876906,41.13597477288222,0.0,2.1420298593267453,TLRY,4,2019
53,2019-09-30,-0.3687929661946534,-0.8451290127270269,-60.22349132406526,2148653723.46,-0.08581620160240915,42.04719523023033,0.0,1.5019903836208865,TLRY,3,2019
54,2019-06-30,-0.36499420193074883,-1.0715333448802549,-111.6730068159644,3914473907.9199996,-0.09732429678454717,85.27522455385152,0.0,1.8434892702551873,TLRY,2,2019
55,2019-03-31,-0.3193769475487896,-0.35783793832815436,-160.71917649021483,4869951766.83,-0.07933860494344365,211.3877839582429,0.0,1.81890448261416,TLRY,1,2019
56,2018-12-31,-0.3735589507803767,-0.42591430568029337,-207.41036946950885,6431588146.88,-0.1568860578893313,414.11294487669824,0.0,2.3223224539976624,TLRY,4,2018
57,2018-09-30,-0.20076431727109287,-0.359711681827164,-448.78492963636364,8392278184.2,-0.09940780590493,835.3018994923857,0.0,0.18970943151493244,TLRY,3,2018
58,2018-06-30,0.8568266666666666,-0.45332,26.656499953316114,1713000000.0,1.823863313844582,-0.5981753034264305,-0.43475148610376274,2.0220241811886246,TLRY,2,2018
59,2020-03-31,-0.6189840627120187,-0.8197547387476126,-23.94245812253648,692463773.82,-0.1802285728529232,85.56329838378846,0.0,1.2224597130999415,CARA,1,2020
60,2019-12-31,-0.6705284097128962,-0.7304074802387935,-23.861777917584146,682709328.0,-0.15323517912518142,151.3432338727555,0.0,0.24768494962857435,CARA,4,2019
61,2019-09-30,-0.7949354945741937,-0.6205395918153159,-25.59956139699166,840740795.4000001,-0.15499259063494011,145.33116601555747,0.0,0.24493850698934372,CARA,3,2019
62,2019-06-30,-0.5785422217644056,-0.627501609259538,-41.0514550304878,942541407.5,-0.23064945502034256,180.97953293010752,0.0,0.5032497865287056,CARA,2,2019
63,2019-03-31,-0.5552145581909229,-0.6962178182560766,-34.36509313114753,754657445.16,-0.19175354953633364,172.21758219078043,0.0,0.48955659174656396,CARA,1,2019
64,2018-12-31,-0.575380244932784,-0.6793844311778974,-26.347793712957586,544134635.76,-0.15454613484995885,98.34350908367975,0.0,0.42799521065628976,CARA,4,2018
65,2018-09-30,-0.5591288081463338,-0.5914084094413798,-32.5685239871134,631829365.35,-0.12973985153480908,124.81812827933624,0.0,0.42248378251855817,CARA,3,2018
66,2018-06-30,-0.5210226139996055,1.2424362101080508,-34.33632153251135,590378712.4300001,-0.2352892878646888,205.4205679993041,0.0,0.9143494444140347,CARA,2,2018
68,2017-12-31,-1.862811086246567,-0.36576796434119685,-8.084555707870967,469914800.52000004,-0.6697971882922332,515.8230521624588,0.0,0.11781516478451257,CARA,4,2017
69,2017-09-30,-1.4301449617946802,-0.3214799781007019,-9.02705693819969,396721098.32,-0.44358762137392255,435.4787028759605,0.0,0.09056866584573148,CARA,3,2017
70,2017-06-30,-1.0577695835106131,-0.4011963164476992,-13.273212067039106,418159272.96,-0.28844533968137703,459.0112765751921,0.0,0.08014099981688336,CARA,2,2017
71,2017-03-31,-0.813342926608878,-0.7928298641471155,-19.536654810844894,433791883.42,-0.7586183333902764,476.1711124259056,0.0,0.4793467491202296,CARA,1,2017
72,2016-12-31,-2.0997831006171483,-0.485978082487457,-6.753078446927375,386816333.44,-1.1292262198127156,4497.864342325582,0.0,0.2583144406111385,CARA,4,2016
73,2016-09-30,-1.2945124777210069,-0.49096002574946196,-5.268392632264643,186016407.06,-0.49174117712598536,2162.9814774418605,0.0,0.1162920252917746,CARA,3,2016
74,2016-06-30,-0.479406389723733,-0.42568676597084415,-12.36946383509255,161718370.17999998,-0.15830386981159492,2047.0679769620253,0.0,0.11450816099191166,CARA,2,2016
75,2016-03-31,-0.3922289510674574,-0.3610105786994808,-15.552141124205011,166283492.89999998,-0.11263391869541858,23754.7847,0.0,0.07464683388287842,CARA,1,2016
76,2015-12-31,-1.0028280644987817,-0.16957501698187177,-8.974619198055894,221583348.0,-0.23504436236243859,58.26540836181962,0.0,0.05571950801568867,CARA,4,2015
77,2015-09-30,-0.20166451795165974,-0.32926882646964123,-70.26521147064967,336359567.31,-0.0420417519299509,137.85228168442623,0.0,0.035428541317196985,CARA,3,2015
78,2015-06-30,-0.24909502558899208,-0.1866897975033614,-78.28337781491906,444962719.5,-0.1338356486931952,509.11066304347827,0.0,0.09350129503178714,CARA,2,2015
79,2015-03-31,-0.20558144188395902,-0.23004602805824975,-52.29071214544679,245191149.25,-0.09887398785425101,501.4133931492843,0.0,0.08919534412955465,CARA,1,2015
80,2014-12-31,-0.1989894559913498,-0.27849938483544856,-54.22397858341322,226222438.64999998,-0.08075568115829816,247.50813856673958,0.0,0.08269133986295536,CARA,4,2014
81,2014-09-30,-0.3202790230752732,-0.22156153958981387,-28.693730584535132,187025735.95,-0.11779163278214512,166.2450986222222,0.0,0.12717086834733893,CARA,3,2014
82,2014-06-30,-0.19174522198269156,-0.22166624926920633,-65.5557404248366,240720678.84,-0.05964137214137214,250.75070712500002,0.0,0.107620841995842,CARA,2,2014
83,2014-03-31,-0.21610980754600767,-0.19745652235433334,-66.58651989654153,225262196.81,-0.05226486219255964,1265.5179596067417,0.0,0.10547212952663453,CARA,1,2014
84,2020-03-31,-0.42811854567999535,-0.4051363340916055,-15.135994610342316,448885164960.0,-1.3069569252614086,254.75036020927791,0.0,1.8734923092313462,CRBP,1,2020
85,2019-12-31,-415.97966258849254,-0.37329642581977257,-0.015601724275689474,414705704.16,-4316.764987458517,161.14337722652243,0.0,6.9808331702548,CRBP,4,2019
86,2019-09-30,-326.70189138965003,-0.2872619283119841,-0.015702388431787694,326465233.11,-701.4281018518034,126.05891424493868,0.0,1.2985437611352482,CRBP,3,2019
87,2019-06-30,0.034104569392804054,-0.2625779960822061,177.6887997090102,382502327.76,0.04543973673211775,13.146857191938444,0.0,0.7757096327505921,CRBP,2,2019
88,2019-03-31,-425.36561766488256,0.16610511294654068,-0.016785559771370927,440365954.56,-620.1943072154571,233.531398486065,0.0,1.396956181907116,CRBP,1,2019
89,2018-12-31,-303.6187831099092,-0.2511253165167891,-0.023779819963860336,411538130.02,-628.764589022283,213.53024896928665,0.0,0.7072059342860008,CRBP,4,2018
90,2018-09-30,-256.5311047946835,-0.15729281073051593,-0.025727874229062232,375658120.2,-340.58693002955954,344.3630911980991,0.0,0.4271175495673832,CRBP,3,2018
91,2018-06-30,-212.61983300077767,-0.10978247398680188,-0.02257550451552863,272471688.0,-217.52394694365123,319.18580770014734,0.0,0.2667978969511848,CRBP,2,2018
92,2018-03-31,-207.4843667139823,-0.05089847087192794,-0.028676859342381632,335386910.6,-178.44759940874835,352.87467367814133,0.0,0.1769940202873365,CRBP,1,2018
93,2017-12-31,-646.1454923339007,-0.1931986982150949,-0.01261325830899463,408942166.95,-561.0871230314102,0.1675858556180961,0.0,0.1591213805601216,CRBP,4,2017
94,2017-09-30,-142.31087986465175,-0.13029161427510355,-0.05024211786758808,349966295.25,-217.80760831780643,439.48388979445247,0.0,0.20134648305518935,CRBP,3,2017
95,2017-06-30,-151.08009864149,-0.1191839395040823,-0.040375933394610604,294618623.5,-194.13553158002404,841.3203940191784,0.0,0.1855607380520926,CRBP,2,2017
96,2017-03-31,-160.95731913007867,-0.14394270540988752,-0.0447323553778954,333946670.40000004,-171.28043952220776,258.1336050095192,0.0,0.16109039181956744,CRBP,1,2017
97,2016-12-31,-184.02362048191628,-0.13186607417588975,-0.03559325690282057,269450742.9,-848.7583296101067,717.2538209066468,0.0,1.0055735721729497,CRBP,4,2016
98,2016-09-30,-133.47111551746053,-0.08165097179276236,-0.0393343532017847,210311661.0,-401.5826965401477,283.22590423913016,0.0,0.48389622568740126,CRBP,3,2016
99,2016-06-30,-109.73647865114839,-0.06937296602748405,-0.02524228983878564,105749821.87,-237.31263454863372,266.64234784340823,0.0,0.2817580658939082,CRBP,2,2016
100,2016-03-31,-76.91064615780633,-0.06861522645399401,-0.029124706551079252,84235670.4,-451.6298935963062,212.39560058295808,0.0,0.6388604821949757,CRBP,1,2016
101,2015-12-31,-79.69963137331581,-0.03179155949677426,-0.017691424360490596,44203704.449999996,-278.0848324041932,121.34140867765419,0.0,0.43297592323213885,CRBP,4,2015
102,2015-09-30,-77.07635626769444,-0.08508726897628485,-0.02114786010821315,47664844.68,-201.71105162688175,279.6346502868809,0.0,0.19331240944242037,CRBP,3,2015
103,2015-06-30,-96.94046048119378,0.0001882033461684863,-0.020837532542893947,53397031.480000004,-378.562493056721,469.89538068921826,0.0,0.4129943614665151,CRBP,2,2015
106,2014-09-30,3.875457025714473,4.277134418347553,0.7741022491268432,54728868.0,10.077135496678812,-0.3902375699668437,0.0,0.08747107625549078,CRBP,3,2014
107,2020-03-31,0.7521399750739596,1.239839901633877,104.31568936657682,1238435864.1599998,0.013821059653379186,58.610310655939415,1.064521563342318,0.25785380084961335,IIPR,1,2020
108,2019-12-31,0.9389327685450126,1.88203772874989,99.5704944294082,985947035.8399999,0.018069013339172643,55.791480072430964,0.8953746717834781,0.3610280834291345,IIPR,4,2019
109,2019-09-30,0.6463101440161395,1.0377639413657922,112.391861202454,732794935.04,0.014495879123933096,63.41799524361748,0.9026073619631901,0.3854458705642499,IIPR,3,2019
110,2019-06-30,0.3529923081403523,0.8751353852752756,308.50530589097303,1052620103.7,0.012818008324943272,122.15621488917257,1.2930832356389215,0.6181082543164981,IIPR,2,2019
111,2019-03-31,0.37672889436122414,0.637159168216539,225.99806193353473,822858943.5,0.013566786895996661,120.60075384728125,0.9395770392749244,0.5664888067487406,IIPR,1,2019
112,2018-12-31,0.3734441693962923,0.860350370754699,164.147696024006,437617757.59999996,0.010087327652747719,91.49440886472924,0.890847711927982,0.06498115720490973,IIPR,4,2018
113,2018-09-30,0.2867851231156636,0.9168670666421627,144.01025949781658,263826795.39999998,0.012125223376795287,67.1998969434539,0.925764192139738,0.10008604143225892,IIPR,3,2018
114,2018-06-30,0.24625868852396182,0.3735402545120277,130.188299922179,200750358.48000002,0.010172510472672099,59.0268622405175,1.0998702983138782,0.06672164132334994,IIPR,2,2018
115,2018-03-31,0.16061567642994692,0.23030078472230484,212.55708507936507,200866445.4,0.006228825289689811,75.03415965633172,0.9259259259259259,0.04735225490066836,IIPR,1,2018
116,2017-12-31,0.17983671892498526,-0.7054221215162931,153.58376289950579,93225344.08,0.008253001400426927,15.072812300727566,0.8649093904448105,0.08809093257556187,IIPR,4,2017
117,2017-09-30,0.09913014779295927,-0.00237437479743615,199.6365428742515,66678605.32,0.005570380253502335,1709.7078287179486,0.0,0.1698298865910607,IIPR,3,2017
118,2017-06-30,-0.12568819498944905,0.25882237309438677,-140.4268714454976,59260139.74999999,-0.0070359131681616595,47.25688975279107,-1.2440758293838863,0.06559071659608523,IIPR,2,2017
119,2017-03-31,-0.1764179104477612,0.1862686567164179,-102.03045685279187,60300000.0,-0.009749579332871424,46.74418604651163,0.0,0.04765911115510244,IIPR,1,2017
122,2019-12-31,-0.8524180603738415,-0.1765779526743644,-2.029520584349516,133645960.0,-0.7136385803305337,2.2565801604052345,0.0,1.7215388783527499,NBEV,4,2019
123,2019-09-30,-0.13960809928151535,-0.323879817112998,-19.268223074763732,205919500.0,-0.07122434970375949,2.948953142006072,0.0,1.0905183042646638,NBEV,3,2019
124,2019-06-30,-154.14357350224333,-130.377408287147,-0.025301087235681877,295542.0,-0.07402408111533587,0.004454422137818773,0.0,1.1020342205323195,NBEV,2,2019
125,2019-03-31,-34.7915949018257,240.18256975542542,-0.15520990099009901,250819.2,-0.010330169079809506,0.004301699624401873,0.0,1.233841531626554,NBEV,1,2019
126,2018-12-31,-261.2599035480537,-198.87607647261453,-0.02694634693036671,326993.92,-0.0785253921416369,0.023362435705667275,0.0,0.8567324118651964,NBEV,4,2018
127,2018-09-30,-0.08874636052793536,-0.17345251933064987,-43.8327834162339,153625183.15,-0.039127633538333956,11.600638802714316,0.0,0.08549452472849993,NBEV,3,2018
128,2018-06-30,70.67623694557558,-0.1678461127728462,0.029712957151596945,78776596.5,50.987509007058485,5.895389251697748,0.0,0.3367593490132372,NBEV,2,2018
129,2018-03-31,-73.24585928417665,-0.005282368750248642,-0.025120873971335833,66601817.6,-52.49591695739609,5.762298654903362,0.0,0.32358824460729885,NBEV,1,2018
130,2017-12-31,-115.49084013701629,0.0702610219467891,-0.03281645536133958,116036557.74,-67.04695499293632,10.317738486297337,0.0,0.28317547926255526,NBEV,4,2017
131,2017-09-30,-0.015922956953348374,-0.13383619393907542,-143.81750868945514,69016871.88,-0.008762101473618687,4.586026979712522,0.0,0.2637645934831117,NBEV,3,2017
132,2017-06-30,0.00010588822570045235,-0.00016235877651536173,46180.77191918714,115298701996.73999,0.04499481637668136,7633.251692375831,0.0,0.2442737299131668,NBEV,2,2017
133,2017-03-31,-29.163382789797083,-0.13451806870274455,-0.12721432306878874,89985560.28,-24.479700720523134,8.341418263091802,0.0,0.3942160194795507,NBEV,1,2017
134,2016-12-31,0.21333327827660584,0.4467205460272124,19.12500493575087,77069600.64,0.8260028278291512,7.309156308260404,0.0,4.478158114922682,NBEV,4,2016
135,2016-09-30,0.08624191134052045,-0.33138488005491845,18.668417419959795,35259170.660000004,0.2865967539286083,2.6152751280743556,0.0,3.173808064193065,NBEV,3,2016
136,2016-06-30,-126.06434407817177,-0.010024847237733472,-0.014119773620495199,28205928.06,-322.17312544311284,41.07220790983487,0.0,3.2790370766518313,NBEV,2,2016
137,2016-03-31,-18.64456510451033,-0.006101459536756824,-0.021453973195826138,6174260.4,-1276.3765384188935,10.486175951086956,0.0,4.70772812950438,NBEV,1,2016
138,2015-12-31,-0.04665311894238916,-0.017432929266799842,-5.358698532218588,3579691000.0,-1349.2199744704228,6.605936629205189,0.0,1.36069616571604,NBEV,4,2015
139,2015-09-30,-25.910088883147846,-5.903573987317426,-0.015438001845688904,5905236.4,-330.7139374111642,8.349727743316597,0.0,1.1742444416009297,NBEV,3,2015
140,2015-06-30,1.3747646984142907e-05,8.447973467542096e-06,25458.90219640526,4466077000.0,0.12192592685264536,3480.817642905131,0.0,0.8190937101003846,NBEV,2,2015
141,2015-03-31,-13.747646984142907,-0.008447973467542096,-0.030550682635686312,5359292.399999999,-278.8285016284056,22.0185473235305,0.0,1.6288856428506715,NBEV,1,2015
142,2014-12-31,-80.94067000171167,-0.0010740664188528006,-0.004200607679585676,4211117.600000001,-1840.9732806904783,17.24638004046295,0.0,1.3965990267193096,NBEV,4,2014
143,2014-09-30,-1.7566375257011204,-0.051726708773740776,-0.256171232491685,5468487.3,-41.93711887848117,18.19360186577592,0.0,1.6508042842773623,NBEV,3,2014
144,2020-03-31,0.13800000070487495,0.15035604373350941,45.65217367986178,607767388.1999999,0.024285597015606047,200.98127916666664,0.4960564861413656,8.589184308217117,TRST,1,2020
145,2019-12-31,0.1435946679883117,0.12973804582391146,55.990936938232544,778665959.9999999,0.025837100121317513,20.362071075547185,0.4755878334651614,8.700425633108347,TRST,4,2019
146,2019-09-30,0.15190291763490835,0.18932093983991738,56.4834443840087,830758500.0,0.02795331484730017,21.498292058070025,0.448259450639108,8.92557249369492,TRST,3,2019
147,2019-06-30,0.15154364357745082,0.17733303025293437,53.77988682075408,788789600.0,0.028444815080581037,20.126804623510502,0.44951251107929363,9.138413203265907,TRST,2,2019
148,2019-03-31,0.15047961630695444,0.12243653353179525,53.16334661354581,773952000.0,0.029016299993223284,19.47931138628813,0.45232861656820994,9.277329097221946,TRST,1,2019
149,2018-12-31,0.16613646961297343,0.1853582715921455,46.889162976361256,751773950.0,0.03272902457994043,18.453421782567073,0.4114014844383459,9.122895619459001,TRST,4,2018
150,2018-09-30,0.15757933916000538,0.15983950732481106,48.2931331008619,734007330.0,0.031855851173085065,18.11335118327863,0.41667214948351866,9.239293005084695,TRST,3,2018
151,2018-06-30,0.15980124687503242,0.20483190008402402,56.63284972411555,872429050.0000001,0.03271985811836921,11.00024019669651,0.41051606621226877,9.493631256438304,TRST,2,2018
152,2018-03-31,0.15368488786026382,0.11357196973628221,55.633316450567264,823818150.0000001,0.03204521994299898,7226.475,0.42652620205294434,9.672140264922733,TRST,1,2018
153,2017-12-31,0.07659893248431501,0.13586374088293743,112.92585574572128,831360150.0,0.016063433324314653,21.18222966775377,0.8584623743547949,9.70897300505337,TRST,4,2017
154,2017-09-30,0.13121243372188715,0.15040053335000053,68.97212210225469,868772850.0000001,0.027687897865156685,22.17445187472881,0.5003175611305176,9.705595171104,TRST,3,2017
155,2017-06-30,0.1275744184107396,0.2076211123155174,64.27620915032679,786740799.9999999,0.027360148066683656,20.413087361511117,0.5139705882352941,9.99878399341926,TRST,2,2017
156,2017-03-31,0.11417515827240585,0.1111922318755932,69.62985749520416,762238050.0,0.024953271028037384,20.38069652406417,0.5740385493742578,10.139145201732392,TRST,1,2017
157,2016-12-31,0.11301126135554905,0.14162515175618537,73.88644193369142,797825800.0,0.02495574157703277,21.617194570135748,0.5823300611224301,10.252515681117485,TRST,4,2016
158,2016-09-30,0.11444609681000356,0.13906750727855394,61.164165446559295,668402000.0,0.02508677526583534,18.229476899579993,0.573114934114202,10.048578079374115,TRST,3,2016
159,2016-06-30,0.10967660805231279,0.11221260453125982,60.450447162239634,632674380.0,0.024324544176263466,17.429046280991734,0.5982228167399197,10.227761960652156,TRST,2,2016
160,2016-03-31,0.10914905887904368,0.16064593928590154,58.72702949370737,611289650.0,0.024606110749955678,16.89485517660715,0.6006340666730714,10.260001181963242,TRST,1,2016
161,2015-12-31,0.10704183884840647,0.15115190898289224,51.381777996070724,523066500.0,0.02463042268515158,14.424645634548563,0.6145383104125737,10.456272531513875,TRST,4,2015
162,2015-09-30,0.11168740991678151,0.16774152823221217,55.78068293142427,592167730.0,0.0257487411834331,16.42628932038835,0.5876036171816127,10.462305841490982,TRST,3,2015
163,2015-06-30,0.1129134123492137,0.12739731795120102,55.52927565955066,595662540.0,0.02665364670686952,16.698790053544897,0.5809639228115969,10.780919298611783,TRST,2,2015
164,2015-03-31,0.11285243346287929,0.14578659673291416,59.10373215118992,633296490.0,0.026755660763691208,18.00928451585383,0.5808679421371908,10.837553311559244,TRST,1,2015
165,2014-12-31,0.11265164644714037,0.11587479392991504,57.07861538461538,608458040.0,0.027094071837415235,17.0584552412459,0.5847091932457786,10.804574475656002,TRST,4,2014
166,2014-09-30,0.11330132611408388,0.10373088555656607,63.370838155684154,678955160.0,0.027507978443439704,19.046094030520646,0.5798954638790368,10.764875336018918,TRST,3,2014
167,2014-06-30,0.12490479817212491,0.20081238893120082,54.12121951219512,639063360.0,0.03066877566445118,18.01193235625705,0.5255758807588076,10.919289278135771,TRST,2,2014
168,2014-03-31,0.11657773260492102,0.013573031804514463,56.700365089456,624327720.0,0.029617057445417844,18.014996537396122,0.5629824720733811,11.315749410267928,TRST,1,2014
169,2013-12-31,0.11288232795242141,0.1340271877655055,59.35384325900837,630872000.0,0.02937705389248037,18.277668327732066,0.5836861416878352,11.496654349069823,TRST,4,2013
170,2013-09-30,0.10895255908859038,0.18134670974324094,62.596051502145926,641734720.0,0.02892874476562412,18.817544497551534,0.6030042918454935,11.583402936894025,TRST,3,2013
171,2013-06-30,0.10383077381205598,0.21212830220785298,57.401093926047324,560406880.0,0.02800446327408117,16.708612999403698,0.6323875857830585,11.7450110864745,TRST,2,2013
172,2013-03-31,0.09757135863434155,0.07394478619016198,54.934153577661434,503636320.00000006,0.025403933065291543,14.986945990180033,0.6723385689354275,11.224692356929694,TRST,1,2013
173,2012-12-31,0.10472803391966508,0.13297662149028655,49.65241688761982,486891600.0,0.027330141193652138,14.49945205479452,0.6291046298184785,11.114373547232704,TRST,4,2012
174,2012-09-30,0.104234353625171,0.1851701436388509,54.20477801702041,528659200.00000006,0.027272193435994373,15.476878037355817,0.6303701425202501,11.074853824063174,TRST,3,2012
175,2012-06-30,0.09695945584633649,0.15386672085387634,57.03414846679903,517071590.0,0.025909741731374336,15.268162463828029,0.6771453783366423,11.635926117511225,TRST,2,2012
176,2012-03-31,0.10474207425870939,0.11992021073508091,52.22352181501852,465259355.84999996,0.025849712458580688,13.936597047987059,0.6881804916376698,11.692568606628251,TRST,1,2012
177,2011-12-31,0.1058279246203991,-0.03634874665926721,53.01058317190728,461934221.76000005,0.025741767006581668,13.60190282264951,0.703006655955933,11.536021931016554,TRST,4,2011
178,2011-09-30,0.11936229249302141,0.36768761688609103,42.05683298428184,387974284.28,0.027308250199816465,11.369209795750916,0.5503523035230352,11.412181403747669,TRST,3,2011
179,2011-06-30,0.039182877438885405,0.12009753506409118,117.90864535678726,355258748.46,0.011202867458142621,-0.7065340579015511,3.3620975771656156,14.134192727989321,TRST,2,2011
180,2011-03-31,0.09600000041614738,0.12780926633566736,62.499999729070716,461374998.0,0.028560153517595718,79.67104092557418,0.6857220265510702,14.506089634467177,TRST,1,2011
181,2010-12-31,0.08971126525434228,0.19745834107835825,67.43857622392817,465595930.25,0.027027873473222674,89.74478223785658,0.7339223638470452,14.482242405261509,TRST,4,2010
182,2010-09-30,0.10886987688129929,0.16320060869176822,49.50864421273031,413793248.33,0.03200202166396728,75.22145943101253,0.5748983010289543,13.670549180422022,TRST,3,2010
183,2010-06-30,0.09273006688852461,0.22426253824008852,62.76281464345873,447122291.52000004,0.027916563801731267,67.82801752427184,0.6733576642335767,14.004189052035942,TRST,2,2010
184,2010-03-31,0.09000000064888249,0.045746215182020294,73.88888835616439,512419440.75,0.027671595815144962,74.41467335898926,0.6908435472242249,13.838371545539427,TRST,1,2010
185,2009-12-31,0.11100199215989867,-0.010979800922206436,54.0530839424664,458478258.0,0.0345248658813569,78.85762951496388,0.565432680971469,13.978536946735158,TRST,4,2009
186,2009-09-30,0.10350407422476214,0.1957141775232416,57.48565981160703,454654083.45,0.0323254369185999,88.23094963128275,0.6039954482235428,13.919719783543414,TRST,3,2009
187,2009-06-30,0.07063858872922978,0.398569702502695,88.47855134758365,476014606.25,0.02259222709807462,120.51002689873418,1.558364312267658,14.053297499317614,TRST,2,2009
188,2009-03-31,0.08300000098046938,1.2759436282400018,72.28915577256261,458963850.0,0.026728467565053024,109.32916865173893,1.3181603402110569,13.637845893481858,TRST,1,2009
189,2008-12-31,0.0943789074247637,2.015472330446979,70.99043825381278,507368662.2,0.030280818899772903,73.76688895027624,1.1691618861060584,13.857866149205165,TRST,4,2008
190,2008-09-30,0.11942458290660372,-0.22071206953826164,97.80230933805623,883546062.56,0.03746713227548337,141.29954622741084,0.9215187071064866,13.218233396096517,TRST,3,2008
191,2008-06-30,0.1121565161995646,2.7862597421488715,78.55094200968237,665247927.88,0.03536057852895985,109.00342911355072,0.9808714133900106,13.570015532099672,TRST,2,2008
192,2008-03-31,0.125,0.5597353346769917,69.84,658381680.0,0.0387953562448301,99.73968792607181,1.2785615784448923,12.983028317688165,TRST,1,2008
193,2007-12-31,0.1118187347807266,0.12693009365663732,87.73127346895076,737469084.7800001,0.035458180775136246,95.46525369320389,1.4349274327861052,13.2471822430695,TRST,4,2007
194,2020-03-31,0.4077410339230976,-0.1510609879926324,2.354435585654256,35042884800.0,0.1615034017145664,3.6112538180918814,0.006719801491194471,0.15878536347999522,YCBD,1,2020
195,2019-12-31,0.4664356763672155,-0.19585671987762351,2.272553438141132,29383577.360000003,0.23286703840827688,2.8954369370203845,0.005161270164039357,0.8333732858609656,YCBD,4,2019
196,2019-09-30,0.6644143729887556,1.3206938440554883,5.508610512948583,65467324.02,0.3160448105711352,7.5381203624617354,0.0,1.513513514950969,YCBD,3,2019
197,2019-06-30,-2002.1746763027336,-0.33252980212906974,-0.002257545284883308,65926997.879999995,-1150.8490080567824,8.195455520505359,0.0,2.9766724458133083,YCBD,2,2019
198,2019-03-31,-3299.5371392749526,-0.33557936841505376,-0.0018426826986211867,61451435.52,2270.185595682706,10.831594153085188,0.0,-7.45579271478453,YCBD,1,2019
199,2018-12-31,-68.66027518263277,-0.12462259871719374,-0.0669965272898228,46243616.0,-41.10427646715426,37.023623131550075,0.0,4.742923416078558,YCBD,4,2018
200,2018-09-30,-113.72807531897372,-0.09735963580399667,-0.03226995611863413,28415503.48,-69.8455793018948,19.55580478814519,0.0,0.1911948926258943,YCBD,3,2018
201,2018-06-30,0.07632234664494768,-0.17384785057318858,44.15482683829513,24958604.18,0.04091692976949644,7.803394785377447,0.0,0.19223541661358282,YCBD,2,2018
202,2018-03-31,0.22245830700849553,-0.2832266393186243,22.386217296033895,36778764.120000005,0.11603669961148767,11.937630154727014,0.0,0.11246869752314914,YCBD,1,2018
203,2017-12-31,-182.98692206495173,-0.26383362768199814,-0.026504626370394264,33522574.349999998,-94.73772676555645,48.74195841257655,0.0,0.145961769397541,YCBD,4,2017
204,2020-03-31,0.21799366747317062,-0.1330609952932633,27.248497944239876,2071975783.68,0.044300556320373885,245.7276783301708,0.0,0.12320087249491249,CRON,1,2020
205,2019-12-31,3.7621073077199183,-0.5449141716479448,1.9776150416371627,2306899811.76,0.6666194254130133,97.13262365305263,0.0,0.19461815447089892,CRON,4,2019
211,2020-03-31,-0.021435491684159536,-0.06716992303137952,-4671.691299435028,37210021200.0,-0.01113978223928504,308.45640247693416,0.0,0.050209439094831505,GWPH,1,2020
212,2019-12-31,-0.0671349372947952,-0.07356962161580279,-1680.7940030465809,41929087200.0,-0.0343592724307677,384.4025010084712,0.0,0.21516209984656365,GWPH,4,2019
213,2019-09-30,0.042896850406425234,-0.06794492655257672,3106.0555434168396,49470146640.0,0.022131437980699085,543.8012843653472,0.0,0.17813535652500156,GWPH,3,2019
214,2019-06-30,0.21508403995943642,-0.11523129868168382,762.7251191252445,60825802800.00001,0.10940989886018779,844.3571837085983,0.0,0.15624399773903405,GWPH,2,2019
215,2019-03-31,-135.37286756096836,-191.08600600827964,-1.2506937545941195,62614732.13,-0.07825813743006804,1.5954017410247918,0.0,0.17167894530340191,GWPH,1,2019
217,2018-09-30,-1.207644578601888,-0.45607028292846535,-109.24571876332834,44056176480.0,-0.9713772313740037,-553.8940202919323,0.031755356133268534,0.18155935436784462,GWPH,3,2018
219,2020-03-28,4.527827648114902,-5.3213644524236985,28.395515463917523,7161349000.0,0.31936178295555273,5.178875470060746,0.1308485329103886,4.23705204508041,SMG,1,2020
221,2019-09-30,-1.045045045045045,5.241441441441442,-94.30215517241379,5469525000.0,-0.08070126617503827,10.989602169981918,-0.5586206896551724,3.214136635592041,SMG,3,2019
222,2019-06-29,3.6407942238267146,8.312274368231048,28.084531482399605,5664650000.0,0.2519990004997501,4.840340083739211,0.15121467526028756,3.3320839580209896,SMG,2,2019
223,2019-03-30,7.157039711191335,-5.792418772563177,11.768832282471628,4666342000.0,0.6424173687621516,3.9216253466677875,0.07868852459016394,5.410401814646792,SMG,1,2019
224,2018-12-29,-1.4285714285714286,-4.450271247739602,-48.586999999999996,3838373000.0,-0.31816351188078934,12.876125461254611,-0.3848101265822785,11.989126057188884,SMG,4,2018
225,2018-09-30,-2.6156583629893237,5.665480427046264,-25.95522448979592,3815418000.0,-0.41455160744500846,8.79331182300069,-0.20680272108843537,7.613931190073322,SMG,3,2018
226,2018-06-30,1.4690265486725664,8.350442477876106,52.728795180722884,4376490000.0,0.15767477203647418,4.40025135732958,0.3530120481927711,5.770326747720365,SMG,2,2018
227,2018-03-31,2.612280701754386,-5.017543859649122,31.995030221625253,4764060000.0,0.30338223308883455,4.701065719360568,0.20013431833445267,6.285044824775876,SMG,1,2018
228,2017-12-30,-0.3645833333333333,-3.9913194444444446,-293.952,6172992000.0,-0.041766109785202864,27.86903837471783,-1.4523809523809523,4.789180588703262,SMG,4,2017
229,2017-09-30,-0.5723905723905723,4.107744107744108,-172.6268823529412,5869314000.0,-0.05240443896424168,51.530412642669006,-0.9088235294117647,3.2339704069050557,SMG,3,2017
230,2017-07-01,2.54606365159129,9.564489112227806,37.70133552631579,5730603000.0,0.20810514786418402,5.3164514333426105,0.19407894736842105,3.583105147864184,SMG,3,2017
231,2017-04-01,1.6633333333333333,-8.843333333333334,58.37675350701402,5826000000.0,0.1470025040506702,4.017099910363373,0.6002004008016032,4.653851819119163,SMG,2,2017
233,2016-12-31,-1.0867680974681533,-3.7579209250889587,-83.12721012924962,5428206821.440001,-0.11262504311831666,26.172646197878496,-0.45941807044410415,4.17385305277682,SMG,4,2016
234,2016-09-30,-0.44189852700491,3.988543371522095,-199.75174074074073,5393297000.0,-0.037751677852348994,13.406157096694008,-1.1185185185185185,2.9272930648769573,SMG,3,2016
235,2016-07-02,3.4730831973898857,9.585644371941273,21.370061061531235,4549686000.0,0.2619018329437815,4.57668846192536,0.1348050728041334,3.009964325255259,SMG,3,2016
236,2016-04-02,3.4250814332247557,-4.8452768729641695,21.138183547313364,4445360000.0,0.3113710393840687,3.723082077051927,0.1369472182596291,4.456914421083802,SMG,2,2016
237,2016-01-02,-1.3170731707317074,-5.767479674796748,-52.032037037037036,4214595000.0,-0.15764889061891788,17.153418803418802,-0.3567901234567901,4.308291163876995,SMG,1,2016
238,2015-09-30,-0.40916530278232405,-1.6006546644844517,-161.69504,4042376000.0,-0.040277106492669565,8.365844370860927,-1.156,3.071532141130981,SMG,3,2015
239,2015-06-27,2.1868852459016392,10.814754098360655,27.02473763118441,3605100000.0,0.19617647058823529,2.96764899571946,0.20689655172413793,3.4383823529411766,SMG,2,2015
240,2015-03-28,2.045977011494253,-6.489326765188834,32.21443820224719,4013919000.0,0.2240604207876281,3.6414034291935042,0.21990369181380418,4.412335910807409,SMG,1,2015
241,2014-12-27,-1.200657894736842,-4.629934210526316,-53.44569863013699,3901536000.0,-0.16338406445837064,18.04595744680851,-0.37534246575342467,4.069829901521934,SMG,4,2014
242,2014-09-30,-0.2435064935064935,3.043831168831169,-240.69173333333333,3610376000.0,-0.02709048221058335,7.947118644067796,-9.966666666666667,2.717355968936247,SMG,3,2014
243,2014-06-28,1.972447325769854,10.26580226904376,27.453204601479047,3341055000.0,0.16114936440677965,2.992704227875313,0.22021364009860311,2.3188559322033897,SMG,2,2014
244,2014-03-29,2.0258064516129033,-7.161290322580645,29.795541401273884,3742320000.0,0.18588130827290217,3.483820517594489,0.21656050955414013,3.5452123723545954,SMG,1,2014
245,2013-12-28,-1.0466988727858293,-3.600644122383253,-56.835830769230775,3694329000.0,-0.10461934653146628,18.810229124236255,-0.42,2.4756156446161275,SMG,4,2013
246,2013-09-30,-0.3079416531604538,2.9416531604538085,-189.97105263157894,3609450000.0,-0.02674173117522871,8.147742663656885,-1.4263157894736842,1.726530612244898,SMG,3,2013
247,2013-06-29,2.40194489465154,11.025931928687196,20.812300944669367,3084383000.0,0.19978430843893233,2.6865107569027087,0.13562753036437247,2.184551091938528,SMG,2,2013
248,2013-03-30,1.6260162601626016,-6.28130081300813,27.85335,2785335000.0,0.16477179106936893,2.7317918791683016,0.207,3.7732740154885485,SMG,1,2013
249,2012-12-29,-1.0749185667752443,-3.1530944625407167,-40.94263636363636,2702214000.0,-0.12845465161541456,13.130291545189504,-0.3015151515151515,3.141884001557026,SMG,4,2012
250,2012-09-30,-0.6557377049180327,0.12950819672131147,-63.882250000000006,2555290000.0,-0.06645622196378136,6.738633966244726,-0.4975,2.4464196710417014,SMG,3,2012
251,2012-06-30,1.5295081967213116,11.839344262295082,25.80568060021436,2407670000.0,0.1384272997032641,2.266682357371493,0.19614147909967847,2.537240356083086,SMG,2,2012
252,2012-03-31,2.099009900990099,-7.072607260726072,24.964150943396223,3175440000.0,0.21570289977954893,2.7059565402641668,0.14386792452830188,4.205528234695608,SMG,1,2012
253,2011-12-31,-1.1986863711001643,-3.5714285714285716,-39.776876712328765,2903712000.0,-0.15725980180956484,13.748636363636363,-0.2589041095890411,3.6624299870745367,SMG,4,2011
254,2011-09-30,2.581143740340031,1.795981452859351,19.355760479041916,3232412000.0,0.29832082886745265,7.747871524448707,0.11077844311377245,2.6659521257592,SMG,3,2011
255,2011-07-02,3.3734756097560976,-1.0182926829268293,14.922295526434704,3302304000.0,0.2880385266172068,1.3654347736200125,0.22322638951649346,2.2893401015228427,SMG,3,2011
259,2010-07-03,2.6666666666666665,-0.007090909090909091,18.30375,3221460000.0,0.12634601579325197,2.600048426150121,0.045454545454545456,0.4005743000717875,SMG,3,2010
260,2010-04-03,1.7727272727272727,-6.863636363636363,27.753846153846155,3247200000.0,0.07321652065081352,2.278736842105263,0.06837606837606838,0.5782227784730913,SMG,2,2010
262,2009-09-30,-0.23137255071331542,10.118692884528993,-175.56101566399997,2633415234.96,-0.025684931506849314,4.517007264082332,3.8666666666666667,2.7996575342465753,SMG,3,2009
263,2009-06-27,2.3125,9.59375,17.439999999999998,2581120000.0,0.24584717607973422,2.0164999999999997,0.05405405405405406,3.5,SMG,2,2009
264,2009-03-28,1.203125,-7.15625,31.285194805194806,2408960000.0,0.16997792494481237,2.509333333333333,0.11688311688311688,5.549668874172186,SMG,1,2009
265,2008-12-27,-0.890625,-2.796875,-37.95087719298245,2163200000.0,-0.15489130434782608,6.80251572327044,-0.14035087719298245,5.146739130434782,SMG,4,2008
266,2008-09-30,-0.561000003927,9.894000069258,-44.991087029090906,1484705871.9599998,-0.07568807339449542,2.729238735220588,1.696969696969697,3.9426605504587156,SMG,3,2008
267,2008-06-28,0.34375,8.46875,57.39636363636364,1262720000.0,0.04408817635270541,1.0783262169086252,0.36363636363636365,4.4769539078156315,SMG,2,2008
268,2008-03-29,0.890625,-6.015625,37.46807017543859,2135679999.9999998,0.1223175965665236,2.229311064718163,0.14035087719298245,5.802575107296137,SMG,1,2008
269,2007-12-29,-0.875,-3.046875,-39.028571428571425,2185600000.0,-0.1342925659472422,7.096103896103896,-0.14285714285714285,4.7745803357314145,SMG,4,2007
270,2007-09-30,-0.6159292105167202,9.023362934069953,-73.076579632,2923063185.2799997,-0.08350730688935282,5.74275674907662,26.975,3.7515657620041756,SMG,3,2007
271,2007-06-30,1.9846153846153847,8.830769230769231,20.774806201550387,2679950000.0,0.2549407114624506,2.44075591985428,0.06201550387596899,4.173913043478261,SMG,2,2007
272,2007-03-31,1.2575757575757576,-4.984848484848484,35.759277108433736,2968020000.0,0.22192513368983957,2.988942598187311,6.265060240963855,7.133689839572193,SMG,1,2007
273,2006-12-30,-0.8805970149253731,-3.283582089552239,-60.19779661016949,3551670000.0,-0.04754230459307011,13.10579335793358,-0.13559322033898305,0.16116035455278002,SMG,4,2006
275,2006-07-01,1.9850746268656716,8.238805970149254,19.762481203007518,2628410000.0,0.09925373134328358,2.5080248091603052,0.06766917293233082,0.15,SMG,3,2006
276,2006-04-01,1.4029850746268657,-5.014925373134329,31.204893617021277,2933260000.0,0.07636068237205523,3.2304625550660795,0.0851063829787234,0.16328188464662877,SMG,2,2006
277,2005-12-31,-0.7647058823529411,-3.6470588235294117,-64.78307692307693,3368720000.0,-0.04421768707482993,13.528995983935744,-0.15384615384615385,0.17006802721088435,SMG,4,2005
279,2005-07-02,2.696969696969697,14.393939393939394,14.397640449438203,1281390000.0,0.042040623523854515,1.4065751920965972,0.0,0.5196032120925839,SMG,3,2005
280,2005-04-02,0.6060606060606061,-15.636363636363637,60.01049999999999,1200210000.0,0.009363295880149813,1.1641222114451988,0.0,0.5702247191011236,SMG,2,2005
281,2020-03-31,-0.5324074074074074,-0.08333333333333333,-77.02747826086956,8858160000.0,-0.009065111146145357,4.214157944814462,-1.0695652173913044,1.2230017341951758,TAP,1,2020
282,2019-12-31,0.7685185185185185,2.8194444444444446,73.20578313253012,12152160000.0,0.012371441347443732,4.888238133547868,-1.8072289156626506,0.6014309136980176,TAP,4,2019
283,2019-09-30,-1.8421052631578947,1.4469067405355494,-28.771428571428572,11479800000.0,-0.03031362061630098,3.281818181818182,-0.30952380952380953,1.1843736704552361,TAP,3,2019
284,2019-06-30,1.520775623268698,3.7580794090489382,37.42826958105647,12328872000.0,0.02369886469919565,3.4057657458563533,0.26927747419550696,1.1627983941752882,TAP,2,2019
285,2019-03-31,0.6993071593533488,-1.369515011547344,91.79085204755614,13897135000.0,0.011093769463556894,4.963085246955466,0.5858652575957728,1.185311380273021,TAP,1,2019
286,2018-12-31,0.35185185185185186,1.7555555555555555,185.67473684210526,14111280000.0,0.005626545449161201,4.665811400608385,1.1657894736842105,1.2291336600678147,TAP,4,2018
287,2018-09-30,1.5669291338582678,1.6382584529874942,37.149095477386936,12567539000.0,0.024401151174616456,3.4668116741607133,0.2618977239136861,1.1977842052495293,TAP,3,2018
288,2018-06-30,1.9643353404353867,3.8897637795275593,33.99114124027352,14415643000.0,0.031237570525757555,3.308616708744549,0.20867719877387408,1.2509980407465786,TAP,2,2018
289,2018-03-31,1.288693234476367,0.4953660797034291,55.280805465659824,15373591999.999998,0.020682884745535812,6.593863178211452,0.3182308522114347,1.2448850578986903,TAP,1,2018
290,2017-12-31,2.83008356545961,2.726555246053853,29.49736220472441,17981592000.0,0.04609068432871368,6.970690029461933,0.1451771653543307,1.2869099734615645,TAP,4,2017
291,2017-09-30,1.2999071494893222,0.9976787372330548,60.735107142857146,17005830000.0,0.022421165580307812,5.89824847391787,0.31535714285714284,1.456534969010746,TAP,3,2017
292,2017-06-30,1.501625638643753,3.5429633070134696,59.34235385091246,19185383000.0,0.02672806488148877,6.206250768285187,0.27312094030312406,1.4899842095255418,TAP,2,2017
293,2017-03-31,0.9362790697674419,-1.3874418604651162,102.41604570293094,20616350000.0,0.01735599182638835,8.419304120553763,0.438648782911078,1.5471750170283576,TAP,1,2017
294,2016-12-31,6.784905660377358,1.6216981132075472,14.070939933259178,20239640000.0,0.1259688055557988,5.051827076677316,0.06138765294771969,1.5696007426414567,TAP,4,2016
295,2016-09-30,0.9777356702984368,1.414021790620559,106.86937499999999,22057839000.0,0.02080750037804325,23.277584423807514,0.4268410852713178,1.2376934321286355,TAP,3,2016
296,2016-06-30,0.8236137667304015,1.4689292543021033,124.0387231572838,21371872000.0,0.01748830222384621,21.67093084567025,0.5118978525827046,0.5551901586431595,TAP,2,2016
297,2016-03-31,0.7799607072691552,-0.8079567779960707,122.60874055415616,19470268000.0,0.016042348567503133,29.62609251369446,0.5560453400503779,0.5365801915383683,TAP,1,2016
298,2015-12-31,0.1770102536427415,0.9077172153264975,511.1568292682927,16765944000.0,0.004657106346727247,6.973316141912407,2.2957317073170733,0.743049836717308,TAP,4,2015
299,2015-09-30,0.08948787061994609,1.0506738544474394,984.4909638554216,16342549999.999998,0.002289560431982125,16.063052879889913,4.566265060240964,0.7441071403941906,TAP,3,2015
300,2015-06-30,1.232508073196986,1.8008611410118407,56.85155458515283,13019005999.999998,0.030103455981911637,12.945218255941136,0.3323144104803493,0.761144194239592,TAP,2,2015
301,2015-03-31,0.4364908503767492,-1.4870828848223896,168.41131935881629,13658158000.0,0.011169106609191445,19.511654285714286,0.9395807644882861,0.7837104570932779,TAP,1,2015
302,2014-12-31,0.5089237425635479,0.813953488372093,149.19720510095644,14039457000.000002,0.011966985871071941,5.09599165154265,0.7279489904357067,0.7799524372718833,TAP,4,2014
303,2014-09-30,-0.17866811044937736,2.2360584731997832,-408.13103030303034,13468324000.0,-0.003929507025482257,11.531099315068493,-2.0727272727272728,0.7663015003572279,TAP,3,2014
304,2014-06-30,1.5766937669376693,1.9794037940379403,43.825885183912,12748949999.999998,0.03245927248382058,10.726924694993688,0.23547610862839463,0.7711448337424682,TAP,2,2014
305,2014-03-31,0.8865979381443299,0.4579489962018448,67.64058139534885,11052471000.0,0.018998011835970656,13.544694852941177,0.4173806609547124,0.7865339673755072,TAP,1,2014
306,2013-12-31,0.7185792349726776,0.34153005464480873,74.8838783269962,9847230000.0,0.015221845373832317,3.4895744002267977,0.4479087452471483,0.8034819247820904,TAP,4,2013
307,2013-09-28,0.6666666666666666,2.0279146141215105,81.81,9964458000.0,0.014691337177043882,8.507904713114753,0.48357963875205257,0.9024919788676332,TAP,3,2013
308,2013-06-29,1.5271530444322545,2.1459133296763575,32.655535201149426,9091301000.0,0.034867555889535974,7.717573005093378,0.21048850574712644,1.018523389066316,TAP,2,2013
309,2013-03-30,0.19592735277930656,0.27572922399559713,262.9035674157303,9359367000.0,0.004581076038141318,11.296761617380808,1.6348314606741574,1.0515371054290898,TAP,1,2013
310,2012-12-29,0.33185840707964603,0.3584070796460177,136.02186666666665,8161312000.0,0.007531160175224994,2.9909158207204896,0.97,1.034944583213044,TAP,4,2012
311,2012-09-29,1.0979524073049254,2.1062534587714445,39.58277217741935,7853222000.0,0.02412099401838253,6.568985361773317,0.2928427419354839,1.0019573992121773,TAP,3,2012
312,2012-06-30,0.5819490586932448,1.6578073089700998,73.18509990485252,7691754000.000001,0.01345572796640549,7.696371823093856,0.5528068506184586,1.0787499359860706,TAP,2,2012
313,2012-03-31,0.44093178036605657,0.0920687742651137,94.30030188679245,7496874000.0,0.010182777656808372,10.843034422910037,0.7270440251572327,0.5928938301333367,TAP,1,2012
314,2011-12-31,0.9367225527312061,0.8415359653866955,45.41366050808314,7865646000.0,0.0226467396278717,8.39181265336605,0.3348729792147806,0.624472077302266,TAP,4,2011
315,2011-09-24,1.0595813204508857,1.4911433172302737,39.44954407294832,7787339999.999999,0.024996834240850956,8.159409052808046,0.2938196555217832,0.5740027858680512,TAP,3,2011
316,2011-06-25,1.1914438502673796,1.0085561497326203,38.60022441651706,8600130000.0,0.027358235713057788,9.211793059125965,0.26929982046678635,0.6090891230138265,TAP,2,2011
317,2011-03-26,0.4435527019796683,0.057249866238630286,108.19458383594693,8969331000.0,0.010350338352435888,12.991499130938585,0.6284680337756333,0.6067745399155992,TAP,1,2011
318,2010-12-25,0.5906401291016675,-0.4109736417428725,82.06350637522769,9010573000.0,0.014079089090629328,10.789813196024427,0.4772313296903461,0.6281479201928502,TAP,4,2010
319,2010-09-25,1.379106085083468,1.6370490037695207,35.17495900039047,9008307000.0,0.03367299980277431,10.295207999999999,0.1995314330339711,0.5960423377818684,TAP,3,2010
320,2010-06-26,1.2780172413793103,1.5150862068965518,36.36883642495784,8626688000.0,0.032466021543641616,9.76643043133703,0.2230185497470489,0.6571631924008705,TAP,2,2010
321,2010-03-27,0.5638814016172506,0.33962264150943394,78.04832695984703,8163855000.0,0.014626506697989206,12.350763993948561,0.4273422562141491,0.6752663814078362,TAP,1,2010
322,2009-12-26,1.2119565217391304,0.8586956521739131,35.31479820627803,7875199999.999999,0.031501624523237744,9.592204628501825,-0.5605381165919282,0.6961435230964825,TAP,4,2009
323,2009-09-26,1.2826086956521738,1.7065217391304348,39.33389830508475,9282800000.0,0.03362781419207751,10.869789227166278,0.1864406779661017,0.6350812197207182,TAP,3,2009
324,2009-06-28,1.0217391304347827,1.891304347826087,43.50425531914893,8178800000.000001,0.0281437125748503,10.249122807017544,0.2393617021276596,0.6513473053892216,TAP,2,2009
325,2009-03-29,0.41530054644808745,0.02185792349726776,87.76776315789473,6670350000.000001,0.012518530719815516,11.932647584973168,0.47368421052631576,0.6297150387086147,TAP,1,2009
326,2008-12-28,0.532967032967033,0.08791208791208792,78.1661855670103,7582119999.999999,0.016220735785953178,10.25997293640054,-1.0515463917525774,0.7401337792642141,TAP,4,2008
327,2008-09-28,0.9505494505494505,1.2912087912087913,40.860578034682085,7068880000.000001,0.02423308586636784,7.675222584147667,0.2138728323699422,0.72433113881496,TAP,3,2008
328,2008-06-29,0.44751381215469616,1.580110497237569,123.97382716049381,10041880000.0,0.011325503355704697,5.712104664391354,0.4567901234567901,0.8348713646532439,TAP,2,2008
329,2008-03-30,0.20441988950276244,-0.6961325966850829,264.60243243243247,9790290000.0,0.005243021113787729,7.219977876106195,0.7567567567567568,0.8068584384299278,TAP,1,2008
330,2007-12-30,2.099908286279688,1.664918181573263,21.4533178874269,7777256800.549999,0.05070641681228513,1.7262906022373334,-0.23696899481407924,0.8753786161646495,TAP,4,2007
331,2007-09-30,-0.28028825253865103,1.562744529778293,-201.93497047185383,10155511600.0,-0.007257776699579767,6.805407060781856,-0.5721103179495337,0.8898702992254437,TAP,3,2007
332,2007-07-01,2.100157827207594,2.508021936846408,21.17459908197856,3916517370.0,0.02854885392781159,20.27844157256248,0.15513913593529516,1.0078063549804717,TAP,3,2007
333,2007-04-01,0.05003917294001431,-1.9605659070522647,942.6614635806671,4154309070.0,0.0007442619883262161,3.3813054498128374,6.453142727479011,0.9574529385597965,TAP,2,2007
334,2006-12-31,1.1529221797567464,1.701822659526271,35.058740919120986,3479474860.0,0.017060499649669023,2.2722507558986216,-0.831360141868268,0.98657792302895,TAP,4,2006
335,2006-09-24,3.046373337367484,7.991644653392759,11.23302898572869,2940627260.0,0.04458367997929066,0.6816956831672151,-0.10485743972129695,0.9991009486958307,TAP,3,2006
336,2005-12-25,1.6994823873153406,-2.627016611463043,18.60566501659948,2510722860.0,0.025342943108525768,0.45592259246843875,0.20387716386056437,1.2002020013457992,TAP,4,2005
338,2005-06-26,0.4813963806928026,-0.4765949355053402,64.60372625827051,1962596600.0,0.005938242976740986,4.830555172685386,0.9095098587840285,1.3070569486082688,TAP,2,2005
339,2005-03-27,-0.8197318796944822,-1.5101892054638228,-47.18616044848251,2440940080.0,-0.010050366460491355,2.2938040210685573,-0.5276048714479026,1.2821881782977365,TAP,1,2005
340,2004-12-26,4.202777254500928,-8.189698323420975,8.715665328390035,1361134170.0,0.0975357957888189,0.35228546803926264,0.049253702672071,0.042497155198149346,TAP,4,2004
341,2004-09-26,1.0916307857911733,4.030409041980624,30.990331566621467,1257122800.0,0.02681664330856493,2.8435837870483676,0.18895599654874892,1.9381091837004523,TAP,3,2004
342,2004-06-27,1.8082884822389667,3.2635360602798706,19.001392940055954,1276817600.0,0.04714139190438708,5.620216301395791,0.11336984344306208,2.1585195599313605,TAP,2,2004
343,2004-03-28,0.1320096006982326,0.9076478289330133,252.330132231405,1221277840.0,0.003556169476456909,1.3224291210391648,1.56198347107438,2.2797992674584777,TAP,1,2004
344,2003-12-28,0.9929275138972976,5.564973306180858,28.290081206174996,1020734420.0,0.02846905732789638,0.9979102175052207,0.20678473434771763,0.0332142947317923,TAP,4,2003
345,2003-09-28,1.6910667584308328,4.966662078458362,16.315145373445333,1002206750.0,0.05346874896636486,0.9556439539859868,0.12141043172494628,2.731892888416149,TAP,3,2003
347,2003-03-30,0.022302158273381296,1.0409518539014941,1181.0516129032258,951927600.0,0.0008068601128803305,1.149475270515528,9.24317617866005,3.098344835594744,TAP,1,2003
348,2002-12-29,3.183010514665191,1.8080520199225236,9.685798981170784,1114196200.0,0.11716034306631047,0.4015520822971942,0.06475476815550185,3.3768463850421298,TAP,4,2002
349,2020-03-31,0.8353067814854682,1.6560818083961248,46.98872422680412,72926500000.0,0.23720006113403638,11.468233999056455,1.0070876288659794,7.041876814916705,MO,1,2020
350,2019-12-31,-0.9705724986623863,1.3253076511503479,-49.45534729878721,89712000000.0,-0.2915461266473803,14.93457632761778,-0.8660418963616318,6.918836387013822,MO,4,2019
351,2019-09-30,-1.390700160342063,1.4970603955104222,-33.04810146041507,85991160000.0,-0.2467520151730678,12.542467911318553,-0.57532667179093,4.01782835467046,MO,3,2019
352,2019-06-30,1.0662393162393162,0.03311965811965812,45.48697394789579,90792000000.0,0.13799778761061948,13.716875660975978,0.751002004008016,2.9754563053097347,MO,2,2019
353,2019-03-31,0.5976520811099253,1.2011739594450372,90.90573214285715,101814420000.0,0.0795511044818524,18.090692963752662,1.3410714285714285,3.20718801051211,MO,1,2019
354,2018-12-31,0.6624271330153683,0.9109697933227345,72.15888,90198600000.0,0.08453371204436329,14.752796859666338,1.2048,2.762629336579428,MO,4,2018
355,2018-09-30,1.0274986779481756,1.4045478582760444,64.10713844570252,124560170000.00002,0.1254033819543049,18.21854175808103,0.6814204837879567,1.8367755260100684,MO,3,2018
356,2018-06-30,0.9899736147757255,0.529287598944591,59.041977611940304,110762750000.0,0.11876424411243353,17.56744647105472,0.7078891257995735,1.733413522410737,MO,2,2018
357,2018-03-31,0.9973670352817272,1.4612954186413902,56.25812565997888,106552890000.0,0.1230349486813044,17.44480844793713,0.6636747624076029,1.8516954657658828,MO,1,2018
358,2017-12-31,2.5851119208745446,0.36907860489328476,27.0085018123238,134124219999.99998,0.32294986018078947,21.983973119160794,0.25432944019331455,1.8095207127528126,MO,4,2017
359,2017-09-30,0.9683445770627919,1.1193565127140632,66.14381028938907,123424350000.0,0.15337826730231793,18.34215336602764,0.6296891747052519,2.6297879335854017,MO,3,2017
360,2017-06-30,1.0289705121572685,-0.4009311950336265,65.0553142282554,129395020000.0,0.16017071992269286,19.419933963680023,0.5942684766214178,2.521178933805766,MO,2,2017
361,2017-03-31,0.7225373904074265,1.3574007220216606,99.3443397573162,139181420000.0,0.11427406199021208,22.880391254315303,0.8472519628836546,2.7663132137030995,MO,1,2017
362,2016-12-31,5.264344262295082,0.11782786885245902,13.543947061113274,139177600000.0,0.8046985121378231,22.26129238643634,0.11590112884390813,2.5968676585747845,MO,4,2016
363,2016-09-30,0.5593654042988742,1.2236438075742067,117.77632204940528,128729519999.99998,0.37126358695652173,18.64294279507603,1.011893870082342,10.186820652173912,MO,3,2016
364,2016-06-30,0.8455242966751918,-0.8603580562659846,80.0686630369026,132353500000.0,0.5264331210191083,20.29650360374176,0.6696914700544465,8.975796178343948,MO,2,2016
365,2016-03-31,0.6221881390593047,1.3614519427402862,100.78944946589975,122660760000.0,0.44335154826958106,20.22102868447082,0.9104354971240756,11.409107468123862,MO,1,2016
366,2015-12-31,0.6359000509943906,0.842937276899541,96.10000801924619,119836710000.0,0.4329861111111111,18.967507122507122,0.888532477947073,10.296875,MO,4,2015
367,2015-09-30,0.7787971457696228,1.4169215086646278,77.64537958115184,118642140000.0,0.5292691375129892,17.710425436632335,0.6681937172774869,10.083824038794596,MO,3,2015
368,2015-06-30,0.7372708757637475,-0.6629327902240326,73.51436464088398,106448800000.0,0.5210507376754228,16.09690004536519,0.7071823204419889,10.467794170564952,MO,2,2015
369,2015-03-31,0.5178026449643948,1.2461851475076298,96.65844793713161,98398300000.0,0.40189498618239244,16.953532046864233,1.0078585461689586,12.506514015001974,MO,1,2015
370,2014-12-31,0.6248736097067745,0.7866531850353893,84.97718446601942,105031800000.0,0.41008626410086263,16.78360498561841,0.8317152103559871,10.43828798938288,MO,4,2014
371,2014-09-30,0.7051993942453306,1.13326602725896,67.35683607730851,94097500000.0,0.3253376804843968,14.496610691727007,0.6814602720114531,6.937121564974383,MO,3,2014
372,2014-06-30,0.6364094805849723,-0.7054967221381745,64.6124881141046,81540960000.0,0.2871444823663254,13.03404092071611,0.7567353407290016,6.5726962457337885,MO,2,2014
373,2014-03-31,0.5916414904330313,1.0563947633434039,67.79443404255318,79658460000.0,0.28554070473876064,14.438727569331158,0.814468085106383,7.604131227217497,MO,1,2014
374,2013-12-31,0.24412206103051526,0.6793396698349174,144.80461065573772,70664650000.0,0.11847535809662539,11.622475328947369,1.9672131147540983,7.462976450594804,MO,4,2013
375,2013-09-30,0.6976511744127936,1.1779110444777612,53.12110315186247,74157060000.0,0.3506656618939965,11.316505417366091,0.6325214899713467,8.030394373273047,MO,3,2013
376,2013-06-30,0.6320519221168248,-0.6235646530204693,56.26120063191153,71226680000.0,0.3551192145862553,11.296856463124506,0.6974723538704581,8.660589060308556,MO,2,2013
377,2013-03-31,0.691462805791313,0.8876684972541188,52.80110469314079,73129530000.0,0.3880638834407397,13.228930897250361,0.6397111913357401,9.088540207340992,MO,1,2013
378,2012-12-31,0.5449604743083004,0.857707509881423,61.83934723481415,68208800000.00001,0.34816919191919193,10.927395065684076,0.8087035358114234,10.151830808080808,MO,4,2012
379,2012-09-30,0.3239644970414201,1.0685404339250493,98.03543378995434,64409280000.0,0.16994309363683394,10.318692726690164,1.269406392694064,8.063114330056907,MO,3,2012
380,2012-06-30,0.712807881773399,-0.958128078817734,50.72895646164478,73404800000.0,0.33863795927919493,11.31567750886388,0.5777470628887353,7.084952024338872,MO,2,2012
381,2012-03-31,0.4783677482792527,0.8952802359882006,67.33313463514902,65515140000.0,0.2629019184004323,11.601760226669027,0.8612538540596094,9.21750878141043,MO,1,2012
382,2011-12-31,0.4050387596899225,0.4937015503875969,70.09205741626795,58596960000.0,0.22717391304347825,9.560606950562898,1.0083732057416268,9.044021739130434,MO,4,2011
383,2011-09-30,0.5663930468372766,0.9898599710284887,48.658789428815005,57076760000.0,0.2654446707399864,9.344590700720365,0.6734867860187553,7.418420457116995,MO,3,2011
384,2011-06-30,0.21346153846153845,-0.7740384615384616,123.20720720720722,54704000000.0,0.09583423267860997,9.24054054054054,1.7905405405405406,6.949924454996762,MO,2,2011
385,2011-03-31,0.44961612284069097,0.9832053742802304,59.6953681963714,55934560000.0,0.1718320190720704,9.912202729044834,0.847385272145144,6.075738125802311,MO,1,2011
386,2010-12-31,0.44246509388541166,0.4780934039480019,53.766953210010875,49411830000.0,0.17700308166409862,8.33673527923064,0.8628944504896626,6.203775038520801,MO,4,2010
387,2010-09-30,0.5447976878612717,0.6666666666666666,46.6595225464191,52771920000.0,0.2196116504854369,8.243036551077788,0.6454465075154731,6.205825242718447,MO,3,2010
388,2010-06-30,502168.6746987952,-858313.2530120482,4.412859884836852e-05,45982.0,0.23047998230479982,7.32897672935926e-06,0.699616122840691,6.795841627958416,MO,2,2010
391,2009-09-30,0.4264302982153796,-0.06526994360439484,42.46883975128118,37457516660.63,0.23703305563020693,5.945637565179365,-0.20521541950113378,7.427304488040849,MO,3,2009
392,2009-06-30,0.4865437502159038,-0.9182250004074624,36.337944927161224,36737662321.36,0.3024229733772061,5.467727685869921,0.0,8.172898594077177,MO,2,2009
393,2009-03-31,0.28000000007606113,0.9712054332010066,58.32142855558573,34351321419.239998,0.21202303815694745,7.594809069033827,0.0,10.996400287976963,MO,1,2009
394,2008-12-31,0.3274142395383591,0.46918122985393723,50.517045389720174,34301073819.62,0.2400990099009901,7.370235027851311,-0.36671575846833576,6.768387553041018,MO,4,2008
395,2008-09-30,0.41713811713692994,1.293272501573319,45.93202877623991,39823068949.0,0.20751555768310195,7.602724121611302,0.0,2.646242221158449,MO,3,2008
396,2008-06-30,0.44572538870496187,-1.1411528500070045,48.68468467333334,45276756746.2,0.2364006100660905,8.958598485595568,0.0,2.902135231316726,MO,2,2008
397,2008-03-31,0.29000000004250814,0.9139250815671878,68.96551723127035,42344827580.0,0.1304163126593033,9.602001718820862,0.0,3.3135089209855564,MO,1,2008
398,2007-12-31,1.048471537850123,0.9922859708171481,72.96335402376513,156579357735.0,0.11566239085911394,8.589574729003237,0.0,1.781502640939959,MO,4,2007
399,2007-09-30,1.2622661552452719,1.5507701387297366,57.642359891889804,148544361441.40002,0.14948662915482336,7.73386585314729,0.0,1.6560705377342073,MO,3,2007
400,2007-06-30,1.0426374672870709,2.7706760295629485,63.09000209934783,133498444442.22,0.13070603496201125,7.097583308108884,0.0,1.6446352461547964,MO,2,2007
401,2007-03-31,1.0100000003148681,-0.3221342926663728,68.23762374110312,142275445500.2,0.14369400413507927,8.104092361597175,0.0,1.61157822191592,MO,1,2007
402,2006-12-31,1.402537546752646,1.1543635622413082,62.41544135676442,185186614505.52002,0.07488831116383553,7.291385719565321,0.0,1.4627577677377015,MO,4,2006
403,2006-09-30,1.3757300937106238,1.8959839450282963,59.386648859034906,173527787966.1,0.07093954843408594,6.703797101259417,0.0,1.451153192522457,MO,3,2006
404,2006-06-30,1.2967804960820721,3.6832528604615566,62.223329425285556,171051932590.11,0.0692600337608022,6.637895633905467,0.0,1.5105439520294273,MO,2,2006
405,2006-03-31,1.6700000006356075,-0.32533690455010006,43.80838321685932,155388335270.19998,0.09298972315436242,6.380141049895299,0.0,1.540425755033557,MO,1,2006
406,2005-12-31,1.1155079969451878,1.478298049728898,66.25680873862143,155239702874.59,0.06561738594673314,6.338901709864843,0.0,1.795614305318285,MO,4,2005
407,2005-09-30,1.3912615057906021,1.380746990803521,53.986974905424255,157156083949.69,0.08436213991769548,6.295812993738082,0.0,1.8433895554396338,MO,3,2005
408,2005-06-30,1.4148732701287337,2.653305770849727,47.32579335102399,140037022525.68,0.0886246555648736,5.65029948860878,0.0,1.9960165328860668,MO,2,2005
409,2005-03-31,1.25,-0.2318548387096774,51.992,135387167999.99998,0.08034805146718504,5.732372258446946,0.0,1.8994415131599247,MO,1,2005
410,2004-12-31,0.9677303467401066,1.0143913780244111,65.3074487256655,130027130412.8,0.06482385882659374,5.900936256537327,0.0,2.0387445464608973,MO,4,2004
411,2004-09-30,1.2576943665539535,2.16714171044656,38.53082377460194,99216871219.6,0.08853969673004848,4.365402640777895,0.0,2.162397276759619,MO,3,2004
412,2004-06-30,1.2797386693460797,1.9644181306189634,37.19509392048193,98790169452.8,0.09562556255625562,4.293731287065369,0.0,2.226858685868587,MO,2,2004
413,2004-03-31,1.070000000410437,0.1379259590181161,51.75700932594113,116039214908.76001,0.08353204172876304,5.313394153063785,0.0,2.2551415797317436,MO,1,2004
414,2003-12-31,1.027157873210243,0.9052596527464699,54.12021019345446,117657336960.57,0.08669298560433863,5.686401670318979,0.0,2.503409498743869,MO,4,2003
415,2003-09-30,1.2128029591115668,2.241490249070346,38.44812518775399,98773233607.34001,0.11253230540102502,4.717189627362338,0.0,2.779797625826799,MO,3,2003
416,2003-06-30,1.1929469792147394,0.9272749693110641,33.53040889238021,85368421040.0,0.11448871301376023,4.098143201958619,0.0,2.8559672632430972,MO,2,2003
417,2003-03-31,1.0800000000744827,1.0115689655870048,28.481481479517242,66077037032.48,0.025806451612903226,3.4111319514986325,0.0,0.6883426028921024,MO,1,2003
